symbol,name,sector,date,time,timestamp,open,high,low,close,volume
TCS,Tata Consultancy Services,Information Technology,2026-09-04,09:30,2026-09-04 09:30:00,3890.0,3920.86,3880.22,3911.03,380323
TCS,Tata Consultancy Services,Information Technology,2026-09-04,10:00,2026-09-04 10:00:00,3911.03,3930.46,3906.18,3925.6,210189
TCS,Tata Consultancy Services,Information Technology,2026-09-04,10:30,2026-09-04 10:30:00,3925.6,3933.13,3913.29,3920.81,95521
TCS,Tata Consultancy Services,Information Technology,2026-09-04,11:00,2026-09-04 11:00:00,3920.81,3927.66,3908.28,3915.12,78923
TCS,Tata Consultancy Services,Information Technology,2026-09-04,11:30,2026-09-04 11:30:00,3915.12,3924.7,3895.61,3905.17,184853
TCS,Tata Consultancy Services,Information Technology,2026-09-04,12:00,2026-09-04 12:00:00,3905.17,3909.7,3894.51,3899.03,80211
TCS,Tata Consultancy Services,Information Technology,2026-09-04,12:30,2026-09-04 12:30:00,3899.03,3899.36,3882.36,3882.69,212323
TCS,Tata Consultancy Services,Information Technology,2026-09-04,13:00,2026-09-04 13:00:00,3882.69,3895.65,3866.07,3879.02,117492
TCS,Tata Consultancy Services,Information Technology,2026-09-04,13:30,2026-09-04 13:30:00,3879.02,3880.48,3873.65,3875.12,136461
TCS,Tata Consultancy Services,Information Technology,2026-09-04,14:00,2026-09-04 14:00:00,3875.12,3884.22,3861.58,3870.68,89171
TCS,Tata Consultancy Services,Information Technology,2026-09-04,14:30,2026-09-04 14:30:00,3870.68,3889.89,3870.09,3889.3,102843
TCS,Tata Consultancy Services,Information Technology,2026-09-04,15:00,2026-09-04 15:00:00,3889.3,3897.18,3888.96,3896.84,95332
TCS,Tata Consultancy Services,Information Technology,2026-09-04,15:30,2026-09-04 15:30:00,3896.84,3902.54,3894.87,3900.57,118252
TCS,Tata Consultancy Services,Information Technology,2026-09-07,09:30,2026-09-07 09:30:00,3893.82,3898.52,3888.08,3892.77,208107
TCS,Tata Consultancy Services,Information Technology,2026-09-07,10:00,2026-09-07 10:00:00,3892.77,3900.76,3881.02,3889.0,94552
TCS,Tata Consultancy Services,Information Technology,2026-09-07,10:30,2026-09-07 10:30:00,3889.0,3896.84,3883.74,3891.58,161852
TCS,Tata Consultancy Services,Information Technology,2026-09-07,11:00,2026-09-07 11:00:00,3891.58,3907.65,3859.78,3875.79,215332
TCS,Tata Consultancy Services,Information Technology,2026-09-07,11:30,2026-09-07 11:30:00,3875.79,3890.07,3865.03,3879.3,101643
TCS,Tata Consultancy Services,Information Technology,2026-09-07,12:00,2026-09-07 12:00:00,3879.3,3885.51,3875.1,3881.32,105874
TCS,Tata Consultancy Services,Information Technology,2026-09-07,12:30,2026-09-07 12:30:00,3881.32,3904.29,3838.03,3860.88,122269
TCS,Tata Consultancy Services,Information Technology,2026-09-07,13:00,2026-09-07 13:00:00,3860.88,3864.89,3832.99,3836.98,171918
TCS,Tata Consultancy Services,Information Technology,2026-09-07,13:30,2026-09-07 13:30:00,3836.98,3845.94,3831.24,3840.19,81531
TCS,Tata Consultancy Services,Information Technology,2026-09-07,14:00,2026-09-07 14:00:00,3840.19,3861.65,3835.57,3857.01,98021
TCS,Tata Consultancy Services,Information Technology,2026-09-07,14:30,2026-09-07 14:30:00,3857.01,3868.15,3822.36,3833.43,167141
TCS,Tata Consultancy Services,Information Technology,2026-09-07,15:00,2026-09-07 15:00:00,3833.43,3848.35,3832.59,3847.51,130733
TCS,Tata Consultancy Services,Information Technology,2026-09-07,15:30,2026-09-07 15:30:00,3847.51,3861.85,3812.91,3827.18,280883
TCS,Tata Consultancy Services,Information Technology,2026-09-08,09:30,2026-09-08 09:30:00,3848.53,3878.94,3809.61,3839.96,302638
TCS,Tata Consultancy Services,Information Technology,2026-09-08,10:00,2026-09-08 10:00:00,3839.96,3843.45,3814.58,3818.04,118209
TCS,Tata Consultancy Services,Information Technology,2026-09-08,10:30,2026-09-08 10:30:00,3818.04,3828.17,3805.72,3815.84,78875
TCS,Tata Consultancy Services,Information Technology,2026-09-08,11:00,2026-09-08 11:00:00,3815.84,3823.14,3795.09,3802.36,197507
TCS,Tata Consultancy Services,Information Technology,2026-09-08,11:30,2026-09-08 11:30:00,3802.36,3804.67,3799.38,3801.68,147293
TCS,Tata Consultancy Services,Information Technology,2026-09-08,12:00,2026-09-08 12:00:00,3801.68,3805.05,3785.85,3789.2,173231
TCS,Tata Consultancy Services,Information Technology,2026-09-08,12:30,2026-09-08 12:30:00,3789.2,3800.27,3773.72,3784.78,112791
TCS,Tata Consultancy Services,Information Technology,2026-09-08,13:00,2026-09-08 13:00:00,3784.78,3788.37,3773.78,3777.36,104550
TCS,Tata Consultancy Services,Information Technology,2026-09-08,13:30,2026-09-08 13:30:00,3777.36,3778.45,3775.61,3776.69,93732
TCS,Tata Consultancy Services,Information Technology,2026-09-08,14:00,2026-09-08 14:00:00,3776.69,3778.6,3764.2,3766.1,141707
TCS,Tata Consultancy Services,Information Technology,2026-09-08,14:30,2026-09-08 14:30:00,3766.1,3802.23,3757.47,3793.54,151413
TCS,Tata Consultancy Services,Information Technology,2026-09-08,15:00,2026-09-08 15:00:00,3793.54,3794.11,3776.07,3776.64,178369
TCS,Tata Consultancy Services,Information Technology,2026-09-08,15:30,2026-09-08 15:30:00,3776.64,3799.08,3734.33,3756.65,229121
TCS,Tata Consultancy Services,Information Technology,2026-09-09,09:30,2026-09-09 09:30:00,3780.72,3820.01,3773.06,3812.29,208217
TCS,Tata Consultancy Services,Information Technology,2026-09-09,10:00,2026-09-09 10:00:00,3812.29,3812.53,3801.69,3801.93,181935
TCS,Tata Consultancy Services,Information Technology,2026-09-09,10:30,2026-09-09 10:30:00,3801.93,3814.68,3795.78,3808.53,105798
TCS,Tata Consultancy Services,Information Technology,2026-09-09,11:00,2026-09-09 11:00:00,3808.53,3811.44,3808.37,3811.28,111294
TCS,Tata Consultancy Services,Information Technology,2026-09-09,11:30,2026-09-09 11:30:00,3811.28,3813.74,3796.18,3798.64,147285
TCS,Tata Consultancy Services,Information Technology,2026-09-09,12:00,2026-09-09 12:00:00,3798.64,3806.65,3796.18,3804.19,145789
TCS,Tata Consultancy Services,Information Technology,2026-09-09,12:30,2026-09-09 12:30:00,3804.19,3804.75,3797.63,3798.19,162322
TCS,Tata Consultancy Services,Information Technology,2026-09-09,13:00,2026-09-09 13:00:00,3798.19,3819.29,3795.39,3816.48,109433
TCS,Tata Consultancy Services,Information Technology,2026-09-09,13:30,2026-09-09 13:30:00,3816.48,3829.29,3805.94,3818.75,127482
TCS,Tata Consultancy Services,Information Technology,2026-09-09,14:00,2026-09-09 14:00:00,3818.75,3826.52,3791.0,3798.74,153469
TCS,Tata Consultancy Services,Information Technology,2026-09-09,14:30,2026-09-09 14:30:00,3798.74,3805.5,3789.16,3795.92,127184
TCS,Tata Consultancy Services,Information Technology,2026-09-09,15:00,2026-09-09 15:00:00,3795.92,3802.25,3780.37,3786.68,161652
TCS,Tata Consultancy Services,Information Technology,2026-09-09,15:30,2026-09-09 15:30:00,3786.68,3807.7,3767.52,3788.52,94029
TCS,Tata Consultancy Services,Information Technology,2026-09-10,09:30,2026-09-10 09:30:00,3795.59,3845.34,3774.3,3823.89,312646
TCS,Tata Consultancy Services,Information Technology,2026-09-10,10:00,2026-09-10 10:00:00,3823.89,3839.19,3818.89,3834.18,102592
TCS,Tata Consultancy Services,Information Technology,2026-09-10,10:30,2026-09-10 10:30:00,3834.18,3850.49,3799.48,3815.72,174234
TCS,Tata Consultancy Services,Information Technology,2026-09-10,11:00,2026-09-10 11:00:00,3815.72,3825.76,3797.53,3807.55,180838
TCS,Tata Consultancy Services,Information Technology,2026-09-10,11:30,2026-09-10 11:30:00,3807.55,3810.48,3798.1,3801.03,134632
TCS,Tata Consultancy Services,Information Technology,2026-09-10,12:00,2026-09-10 12:00:00,3801.03,3822.85,3792.55,3814.35,210112
TCS,Tata Consultancy Services,Information Technology,2026-09-10,12:30,2026-09-10 12:30:00,3814.35,3819.03,3800.55,3805.22,132151
TCS,Tata Consultancy Services,Information Technology,2026-09-10,13:00,2026-09-10 13:00:00,3805.22,3810.75,3776.97,3782.46,208907
TCS,Tata Consultancy Services,Information Technology,2026-09-10,13:30,2026-09-10 13:30:00,3782.46,3783.3,3782.4,3783.24,152569
TCS,Tata Consultancy Services,Information Technology,2026-09-10,14:00,2026-09-10 14:00:00,3783.24,3787.6,3759.86,3764.19,211270
TCS,Tata Consultancy Services,Information Technology,2026-09-10,14:30,2026-09-10 14:30:00,3764.19,3791.43,3756.61,3783.81,141766
TCS,Tata Consultancy Services,Information Technology,2026-09-10,15:00,2026-09-10 15:00:00,3783.81,3784.61,3765.15,3765.95,123633
TCS,Tata Consultancy Services,Information Technology,2026-09-10,15:30,2026-09-10 15:30:00,3765.95,3766.23,3755.44,3755.71,194680
TCS,Tata Consultancy Services,Information Technology,2026-09-11,09:30,2026-09-11 09:30:00,3747.15,3757.28,3743.02,3753.14,129462
TCS,Tata Consultancy Services,Information Technology,2026-09-11,10:00,2026-09-11 10:00:00,3753.14,3771.72,3746.06,3764.62,94799
TCS,Tata Consultancy Services,Information Technology,2026-09-11,10:30,2026-09-11 10:30:00,3764.62,3773.72,3752.0,3761.08,162411
TCS,Tata Consultancy Services,Information Technology,2026-09-11,11:00,2026-09-11 11:00:00,3761.08,3767.81,3755.98,3762.7,110829
TCS,Tata Consultancy Services,Information Technology,2026-09-11,11:30,2026-09-11 11:30:00,3762.7,3766.64,3756.57,3760.5,87275
TCS,Tata Consultancy Services,Information Technology,2026-09-11,12:00,2026-09-11 12:00:00,3760.5,3762.59,3750.67,3752.76,159871
TCS,Tata Consultancy Services,Information Technology,2026-09-11,12:30,2026-09-11 12:30:00,3752.76,3768.05,3730.71,3745.97,122898
TCS,Tata Consultancy Services,Information Technology,2026-09-11,13:00,2026-09-11 13:00:00,3745.97,3749.17,3727.54,3730.73,219346
TCS,Tata Consultancy Services,Information Technology,2026-09-11,13:30,2026-09-11 13:30:00,3730.73,3736.39,3718.15,3723.81,178948
TCS,Tata Consultancy Services,Information Technology,2026-09-11,14:00,2026-09-11 14:00:00,3723.81,3729.62,3716.52,3722.32,128370
TCS,Tata Consultancy Services,Information Technology,2026-09-11,14:30,2026-09-11 14:30:00,3722.32,3727.02,3707.52,3712.21,121045
TCS,Tata Consultancy Services,Information Technology,2026-09-11,15:00,2026-09-11 15:00:00,3712.21,3734.59,3703.48,3725.83,154263
TCS,Tata Consultancy Services,Information Technology,2026-09-11,15:30,2026-09-11 15:30:00,3725.83,3735.73,3701.12,3710.97,194798
TCS,Tata Consultancy Services,Information Technology,2026-09-14,09:30,2026-09-14 09:30:00,3728.2,3742.6,3689.09,3703.39,380972
TCS,Tata Consultancy Services,Information Technology,2026-09-14,10:00,2026-09-14 10:00:00,3703.39,3715.99,3684.21,3696.78,170963
TCS,Tata Consultancy Services,Information Technology,2026-09-14,10:30,2026-09-14 10:30:00,3696.78,3705.63,3691.21,3700.05,155524
TCS,Tata Consultancy Services,Information Technology,2026-09-14,11:00,2026-09-14 11:00:00,3700.05,3721.67,3689.73,3711.33,158933
TCS,Tata Consultancy Services,Information Technology,2026-09-14,11:30,2026-09-14 11:30:00,3711.33,3735.31,3711.01,3735.0,186094
TCS,Tata Consultancy Services,Information Technology,2026-09-14,12:00,2026-09-14 12:00:00,3735.0,3743.52,3727.69,3736.21,148720
TCS,Tata Consultancy Services,Information Technology,2026-09-14,12:30,2026-09-14 12:30:00,3736.21,3742.29,3716.18,3722.25,205921
TCS,Tata Consultancy Services,Information Technology,2026-09-14,13:00,2026-09-14 13:00:00,3722.25,3736.57,3720.61,3734.92,118026
TCS,Tata Consultancy Services,Information Technology,2026-09-14,13:30,2026-09-14 13:30:00,3734.92,3735.09,3726.8,3726.97,116693
TCS,Tata Consultancy Services,Information Technology,2026-09-14,14:00,2026-09-14 14:00:00,3726.97,3729.38,3723.39,3725.8,156723
TCS,Tata Consultancy Services,Information Technology,2026-09-14,14:30,2026-09-14 14:30:00,3725.8,3736.12,3703.57,3713.86,127071
TCS,Tata Consultancy Services,Information Technology,2026-09-14,15:00,2026-09-14 15:00:00,3713.86,3736.52,3704.77,3727.4,189052
TCS,Tata Consultancy Services,Information Technology,2026-09-14,15:30,2026-09-14 15:30:00,3727.4,3764.05,3695.27,3731.89,103380
TCS,Tata Consultancy Services,Information Technology,2026-09-15,09:30,2026-09-15 09:30:00,3765.24,3780.84,3753.06,3768.66,249206
TCS,Tata Consultancy Services,Information Technology,2026-09-15,10:00,2026-09-15 10:00:00,3768.66,3771.38,3749.42,3752.14,119482
TCS,Tata Consultancy Services,Information Technology,2026-09-15,10:30,2026-09-15 10:30:00,3752.14,3772.92,3749.0,3769.77,141627
TCS,Tata Consultancy Services,Information Technology,2026-09-15,11:00,2026-09-15 11:00:00,3769.77,3781.44,3760.22,3771.88,105231
TCS,Tata Consultancy Services,Information Technology,2026-09-15,11:30,2026-09-15 11:30:00,3771.88,3817.61,3754.77,3800.37,142630
TCS,Tata Consultancy Services,Information Technology,2026-09-15,12:00,2026-09-15 12:00:00,3800.37,3827.05,3784.23,3810.86,125098
TCS,Tata Consultancy Services,Information Technology,2026-09-15,12:30,2026-09-15 12:30:00,3810.86,3822.05,3808.4,3819.59,135157
TCS,Tata Consultancy Services,Information Technology,2026-09-15,13:00,2026-09-15 13:00:00,3819.59,3836.2,3779.32,3795.83,217157
TCS,Tata Consultancy Services,Information Technology,2026-09-15,13:30,2026-09-15 13:30:00,3795.83,3806.72,3792.85,3803.74,178373
TCS,Tata Consultancy Services,Information Technology,2026-09-15,14:00,2026-09-15 14:00:00,3803.74,3819.19,3777.79,3793.2,167751
TCS,Tata Consultancy Services,Information Technology,2026-09-15,14:30,2026-09-15 14:30:00,3793.2,3814.91,3763.72,3785.38,123862
TCS,Tata Consultancy Services,Information Technology,2026-09-15,15:00,2026-09-15 15:00:00,3785.38,3820.81,3771.21,3806.56,166007
TCS,Tata Consultancy Services,Information Technology,2026-09-15,15:30,2026-09-15 15:30:00,3806.56,3807.07,3802.58,3803.09,106388
TCS,Tata Consultancy Services,Information Technology,2026-09-16,09:30,2026-09-16 09:30:00,3813.65,3816.4,3770.6,3773.32,301674
TCS,Tata Consultancy Services,Information Technology,2026-09-16,10:00,2026-09-16 10:00:00,3773.32,3793.97,3757.63,3778.26,147410
TCS,Tata Consultancy Services,Information Technology,2026-09-16,10:30,2026-09-16 10:30:00,3778.26,3797.09,3756.11,3774.93,78857
TCS,Tata Consultancy Services,Information Technology,2026-09-16,11:00,2026-09-16 11:00:00,3774.93,3781.75,3764.99,3771.8,118166
TCS,Tata Consultancy Services,Information Technology,2026-09-16,11:30,2026-09-16 11:30:00,3771.8,3786.01,3761.21,3775.42,77325
TCS,Tata Consultancy Services,Information Technology,2026-09-16,12:00,2026-09-16 12:00:00,3775.42,3783.93,3757.49,3765.98,186314
TCS,Tata Consultancy Services,Information Technology,2026-09-16,12:30,2026-09-16 12:30:00,3765.98,3766.23,3755.87,3756.12,162381
TCS,Tata Consultancy Services,Information Technology,2026-09-16,13:00,2026-09-16 13:00:00,3756.12,3789.01,3738.4,3771.21,124929
TCS,Tata Consultancy Services,Information Technology,2026-09-16,13:30,2026-09-16 13:30:00,3771.21,3785.49,3768.77,3783.04,90837
TCS,Tata Consultancy Services,Information Technology,2026-09-16,14:00,2026-09-16 14:00:00,3783.04,3822.23,3771.46,3810.57,196858
TCS,Tata Consultancy Services,Information Technology,2026-09-16,14:30,2026-09-16 14:30:00,3810.57,3827.04,3798.99,3815.45,115338
TCS,Tata Consultancy Services,Information Technology,2026-09-16,15:00,2026-09-16 15:00:00,3815.45,3828.99,3785.54,3799.02,222726
TCS,Tata Consultancy Services,Information Technology,2026-09-16,15:30,2026-09-16 15:30:00,3799.02,3801.97,3795.23,3798.17,93395
TCS,Tata Consultancy Services,Information Technology,2026-09-17,09:30,2026-09-17 09:30:00,3793.33,3826.7,3774.88,3808.17,330535
TCS,Tata Consultancy Services,Information Technology,2026-09-17,10:00,2026-09-17 10:00:00,3808.17,3828.02,3801.79,3821.62,122399
TCS,Tata Consultancy Services,Information Technology,2026-09-17,10:30,2026-09-17 10:30:00,3821.62,3829.7,3816.88,3824.96,97195
TCS,Tata Consultancy Services,Information Technology,2026-09-17,11:00,2026-09-17 11:00:00,3824.96,3833.6,3792.72,3801.32,192737
TCS,Tata Consultancy Services,Information Technology,2026-09-17,11:30,2026-09-17 11:30:00,3801.32,3805.48,3799.16,3803.33,143576
TCS,Tata Consultancy Services,Information Technology,2026-09-17,12:00,2026-09-17 12:00:00,3803.33,3812.44,3798.95,3808.06,87992
TCS,Tata Consultancy Services,Information Technology,2026-09-17,12:30,2026-09-17 12:30:00,3808.06,3834.93,3793.62,3820.44,100686
TCS,Tata Consultancy Services,Information Technology,2026-09-17,13:00,2026-09-17 13:00:00,3820.44,3839.93,3806.08,3825.55,124263
TCS,Tata Consultancy Services,Information Technology,2026-09-17,13:30,2026-09-17 13:30:00,3825.55,3840.24,3817.45,3832.13,126893
TCS,Tata Consultancy Services,Information Technology,2026-09-17,14:00,2026-09-17 14:00:00,3832.13,3862.52,3824.93,3855.27,122964
TCS,Tata Consultancy Services,Information Technology,2026-09-17,14:30,2026-09-17 14:30:00,3855.27,3858.72,3837.22,3840.65,209350
TCS,Tata Consultancy Services,Information Technology,2026-09-17,15:00,2026-09-17 15:00:00,3840.65,3844.99,3831.72,3836.06,154468
TCS,Tata Consultancy Services,Information Technology,2026-09-17,15:30,2026-09-17 15:30:00,3836.06,3853.6,3807.57,3825.06,187535
TCS,Tata Consultancy Services,Information Technology,2026-09-18,09:30,2026-09-18 09:30:00,3845.97,3860.52,3823.29,3837.81,296151
TCS,Tata Consultancy Services,Information Technology,2026-09-18,10:00,2026-09-18 10:00:00,3837.81,3850.88,3833.65,3846.71,106222
TCS,Tata Consultancy Services,Information Technology,2026-09-18,10:30,2026-09-18 10:30:00,3846.71,3850.98,3839.13,3843.39,103446
TCS,Tata Consultancy Services,Information Technology,2026-09-18,11:00,2026-09-18 11:00:00,3843.39,3872.19,3837.97,3866.74,182227
TCS,Tata Consultancy Services,Information Technology,2026-09-18,11:30,2026-09-18 11:30:00,3866.74,3886.73,3858.3,3878.26,137963
TCS,Tata Consultancy Services,Information Technology,2026-09-18,12:00,2026-09-18 12:00:00,3878.26,3891.51,3875.54,3888.78,177707
TCS,Tata Consultancy Services,Information Technology,2026-09-18,12:30,2026-09-18 12:30:00,3888.78,3910.71,3870.64,3892.55,76334
TCS,Tata Consultancy Services,Information Technology,2026-09-18,13:00,2026-09-18 13:00:00,3892.55,3900.22,3875.94,3883.59,176445
TCS,Tata Consultancy Services,Information Technology,2026-09-18,13:30,2026-09-18 13:30:00,3883.59,3901.07,3867.27,3884.75,153632
TCS,Tata Consultancy Services,Information Technology,2026-09-18,14:00,2026-09-18 14:00:00,3884.75,3890.88,3870.99,3877.1,135032
TCS,Tata Consultancy Services,Information Technology,2026-09-18,14:30,2026-09-18 14:30:00,3877.1,3879.64,3841.19,3843.7,123021
TCS,Tata Consultancy Services,Information Technology,2026-09-18,15:00,2026-09-18 15:00:00,3843.7,3864.32,3816.46,3837.04,158922
TCS,Tata Consultancy Services,Information Technology,2026-09-18,15:30,2026-09-18 15:30:00,3837.04,3858.1,3811.73,3832.77,130232
TCS,Tata Consultancy Services,Information Technology,2026-09-21,09:30,2026-09-21 09:30:00,3844.26,3856.25,3824.27,3836.23,283677
TCS,Tata Consultancy Services,Information Technology,2026-09-21,10:00,2026-09-21 10:00:00,3836.23,3840.29,3813.77,3817.81,217229
TCS,Tata Consultancy Services,Information Technology,2026-09-21,10:30,2026-09-21 10:30:00,3817.81,3830.49,3816.02,3828.7,90459
TCS,Tata Consultancy Services,Information Technology,2026-09-21,11:00,2026-09-21 11:00:00,3828.7,3851.48,3821.28,3844.04,143278
TCS,Tata Consultancy Services,Information Technology,2026-09-21,11:30,2026-09-21 11:30:00,3844.04,3863.19,3837.42,3856.55,111042
TCS,Tata Consultancy Services,Information Technology,2026-09-21,12:00,2026-09-21 12:00:00,3856.55,3861.78,3832.38,3837.59,107899
TCS,Tata Consultancy Services,Information Technology,2026-09-21,12:30,2026-09-21 12:30:00,3837.59,3854.14,3833.5,3850.04,201474
TCS,Tata Consultancy Services,Information Technology,2026-09-21,13:00,2026-09-21 13:00:00,3850.04,3866.3,3833.91,3850.17,78793
TCS,Tata Consultancy Services,Information Technology,2026-09-21,13:30,2026-09-21 13:30:00,3850.17,3853.12,3828.85,3831.78,218373
TCS,Tata Consultancy Services,Information Technology,2026-09-21,14:00,2026-09-21 14:00:00,3831.78,3839.89,3828.42,3836.53,172058
TCS,Tata Consultancy Services,Information Technology,2026-09-21,14:30,2026-09-21 14:30:00,3836.53,3845.34,3806.0,3814.76,151035
TCS,Tata Consultancy Services,Information Technology,2026-09-21,15:00,2026-09-21 15:00:00,3814.76,3818.96,3806.89,3811.09,102747
TCS,Tata Consultancy Services,Information Technology,2026-09-21,15:30,2026-09-21 15:30:00,3811.09,3825.23,3780.07,3794.14,234986
INFY,Infosys,Information Technology,2026-09-04,09:30,2026-09-04 09:30:00,1642.5,1646.37,1631.08,1634.93,974652
INFY,Infosys,Information Technology,2026-09-04,10:00,2026-09-04 10:00:00,1634.93,1641.52,1631.02,1637.6,758711
INFY,Infosys,Information Technology,2026-09-04,10:30,2026-09-04 10:30:00,1637.6,1652.74,1633.31,1648.43,906623
INFY,Infosys,Information Technology,2026-09-04,11:00,2026-09-04 11:00:00,1648.43,1659.08,1647.66,1658.3,923875
INFY,Infosys,Information Technology,2026-09-04,11:30,2026-09-04 11:30:00,1658.3,1659.79,1651.61,1653.09,868217
INFY,Infosys,Information Technology,2026-09-04,12:00,2026-09-04 12:00:00,1653.09,1654.39,1643.44,1644.73,508553
INFY,Infosys,Information Technology,2026-09-04,12:30,2026-09-04 12:30:00,1644.73,1652.19,1644.51,1651.96,460542
INFY,Infosys,Information Technology,2026-09-04,13:00,2026-09-04 13:00:00,1651.96,1653.92,1650.88,1652.84,692282
INFY,Infosys,Information Technology,2026-09-04,13:30,2026-09-04 13:30:00,1652.84,1653.76,1651.18,1652.1,478811
INFY,Infosys,Information Technology,2026-09-04,14:00,2026-09-04 14:00:00,1652.1,1653.13,1651.82,1652.85,550840
INFY,Infosys,Information Technology,2026-09-04,14:30,2026-09-04 14:30:00,1652.85,1672.65,1638.28,1658.03,403428
INFY,Infosys,Information Technology,2026-09-04,15:00,2026-09-04 15:00:00,1658.03,1663.27,1646.38,1651.6,518537
INFY,Infosys,Information Technology,2026-09-04,15:30,2026-09-04 15:30:00,1651.6,1658.79,1642.41,1649.6,761185
INFY,Infosys,Information Technology,2026-09-07,09:30,2026-09-07 09:30:00,1658.02,1667.46,1651.14,1660.57,800833
INFY,Infosys,Information Technology,2026-09-07,10:00,2026-09-07 10:00:00,1660.57,1666.41,1654.58,1660.42,461881
INFY,Infosys,Information Technology,2026-09-07,10:30,2026-09-07 10:30:00,1660.42,1669.35,1657.96,1666.88,920471
INFY,Infosys,Information Technology,2026-09-07,11:00,2026-09-07 11:00:00,1666.88,1668.55,1662.28,1663.94,591364
INFY,Infosys,Information Technology,2026-09-07,11:30,2026-09-07 11:30:00,1663.94,1665.98,1661.55,1663.59,375199
INFY,Infosys,Information Technology,2026-09-07,12:00,2026-09-07 12:00:00,1663.59,1668.73,1652.55,1657.68,891169
INFY,Infosys,Information Technology,2026-09-07,12:30,2026-09-07 12:30:00,1657.68,1663.99,1655.87,1662.18,713129
INFY,Infosys,Information Technology,2026-09-07,13:00,2026-09-07 13:00:00,1662.18,1662.28,1661.88,1661.98,338267
INFY,Infosys,Information Technology,2026-09-07,13:30,2026-09-07 13:30:00,1661.98,1669.67,1659.28,1666.96,536341
INFY,Infosys,Information Technology,2026-09-07,14:00,2026-09-07 14:00:00,1666.96,1671.8,1647.58,1652.38,1039028
INFY,Infosys,Information Technology,2026-09-07,14:30,2026-09-07 14:30:00,1652.38,1655.36,1639.34,1642.3,748491
INFY,Infosys,Information Technology,2026-09-07,15:00,2026-09-07 15:00:00,1642.3,1657.93,1632.73,1648.33,774133
INFY,Infosys,Information Technology,2026-09-07,15:30,2026-09-07 15:30:00,1648.33,1658.22,1625.95,1635.76,1037265
INFY,Infosys,Information Technology,2026-09-08,09:30,2026-09-08 09:30:00,1628.03,1655.37,1614.09,1641.32,1085472
INFY,Infosys,Information Technology,2026-09-08,10:00,2026-09-08 10:00:00,1641.32,1643.49,1635.55,1637.72,386644
INFY,Infosys,Information Technology,2026-09-08,10:30,2026-09-08 10:30:00,1637.72,1638.71,1629.59,1630.58,735434
INFY,Infosys,Information Technology,2026-09-08,11:00,2026-09-08 11:00:00,1630.58,1644.56,1628.73,1642.7,1058519
INFY,Infosys,Information Technology,2026-09-08,11:30,2026-09-08 11:30:00,1642.7,1649.16,1642.28,1648.74,498031
INFY,Infosys,Information Technology,2026-09-08,12:00,2026-09-08 12:00:00,1648.74,1654.39,1644.32,1649.97,351366
INFY,Infosys,Information Technology,2026-09-08,12:30,2026-09-08 12:30:00,1649.97,1653.24,1631.56,1634.79,1224810
INFY,Infosys,Information Technology,2026-09-08,13:00,2026-09-08 13:00:00,1634.79,1642.86,1626.87,1634.93,322610
INFY,Infosys,Information Technology,2026-09-08,13:30,2026-09-08 13:30:00,1634.93,1645.86,1632.6,1643.51,692439
INFY,Infosys,Information Technology,2026-09-08,14:00,2026-09-08 14:00:00,1643.51,1660.23,1637.82,1654.5,1007046
INFY,Infosys,Information Technology,2026-09-08,14:30,2026-09-08 14:30:00,1654.5,1655.9,1648.0,1649.39,401122
INFY,Infosys,Information Technology,2026-09-08,15:00,2026-09-08 15:00:00,1649.39,1652.55,1645.33,1648.49,418464
INFY,Infosys,Information Technology,2026-09-08,15:30,2026-09-08 15:30:00,1648.49,1656.58,1643.99,1652.07,598246
INFY,Infosys,Information Technology,2026-09-09,09:30,2026-09-09 09:30:00,1648.25,1681.47,1637.39,1670.47,1401951
INFY,Infosys,Information Technology,2026-09-09,10:00,2026-09-09 10:00:00,1670.47,1671.9,1664.03,1665.46,772223
INFY,Infosys,Information Technology,2026-09-09,10:30,2026-09-09 10:30:00,1665.46,1670.74,1653.34,1658.6,512717
INFY,Infosys,Information Technology,2026-09-09,11:00,2026-09-09 11:00:00,1658.6,1659.39,1648.69,1649.48,653588
INFY,Infosys,Information Technology,2026-09-09,11:30,2026-09-09 11:30:00,1649.48,1672.19,1644.91,1667.57,611594
INFY,Infosys,Information Technology,2026-09-09,12:00,2026-09-09 12:00:00,1667.57,1675.56,1661.71,1669.7,419663
INFY,Infosys,Information Technology,2026-09-09,12:30,2026-09-09 12:30:00,1669.7,1674.54,1665.35,1670.19,325092
INFY,Infosys,Information Technology,2026-09-09,13:00,2026-09-09 13:00:00,1670.19,1670.76,1666.94,1667.5,582916
INFY,Infosys,Information Technology,2026-09-09,13:30,2026-09-09 13:30:00,1667.5,1667.87,1660.67,1661.04,525924
INFY,Infosys,Information Technology,2026-09-09,14:00,2026-09-09 14:00:00,1661.04,1679.9,1659.18,1678.02,674842
INFY,Infosys,Information Technology,2026-09-09,14:30,2026-09-09 14:30:00,1678.02,1678.91,1675.87,1676.76,486373
INFY,Infosys,Information Technology,2026-09-09,15:00,2026-09-09 15:00:00,1676.76,1690.04,1676.68,1689.96,802143
INFY,Infosys,Information Technology,2026-09-09,15:30,2026-09-09 15:30:00,1689.96,1700.75,1682.83,1693.6,496660
INFY,Infosys,Information Technology,2026-09-10,09:30,2026-09-10 09:30:00,1673.56,1688.03,1653.67,1668.1,818898
INFY,Infosys,Information Technology,2026-09-10,10:00,2026-09-10 10:00:00,1668.1,1671.4,1667.15,1670.46,375193
INFY,Infosys,Information Technology,2026-09-10,10:30,2026-09-10 10:30:00,1670.46,1672.01,1666.17,1667.72,727253
INFY,Infosys,Information Technology,2026-09-10,11:00,2026-09-10 11:00:00,1667.72,1672.78,1657.16,1662.2,523758
INFY,Infosys,Information Technology,2026-09-10,11:30,2026-09-10 11:30:00,1662.2,1671.14,1659.55,1668.47,770745
INFY,Infosys,Information Technology,2026-09-10,12:00,2026-09-10 12:00:00,1668.47,1680.52,1667.1,1679.14,530449
INFY,Infosys,Information Technology,2026-09-10,12:30,2026-09-10 12:30:00,1679.14,1680.68,1676.42,1677.96,715781
INFY,Infosys,Information Technology,2026-09-10,13:00,2026-09-10 13:00:00,1677.96,1693.49,1671.27,1686.76,913613
INFY,Infosys,Information Technology,2026-09-10,13:30,2026-09-10 13:30:00,1686.76,1697.24,1679.6,1690.06,784165
INFY,Infosys,Information Technology,2026-09-10,14:00,2026-09-10 14:00:00,1690.06,1690.87,1688.76,1689.57,485859
INFY,Infosys,Information Technology,2026-09-10,14:30,2026-09-10 14:30:00,1689.57,1690.09,1680.23,1680.75,570543
INFY,Infosys,Information Technology,2026-09-10,15:00,2026-09-10 15:00:00,1680.75,1690.2,1677.06,1686.5,638926
INFY,Infosys,Information Technology,2026-09-10,15:30,2026-09-10 15:30:00,1686.5,1703.21,1685.72,1702.43,1251773
INFY,Infosys,Information Technology,2026-09-11,09:30,2026-09-11 09:30:00,1715.9,1717.82,1707.45,1709.37,728719
INFY,Infosys,Information Technology,2026-09-11,10:00,2026-09-11 10:00:00,1709.37,1712.24,1709.08,1711.95,398221
INFY,Infosys,Information Technology,2026-09-11,10:30,2026-09-11 10:30:00,1711.95,1714.07,1706.57,1708.68,721897
INFY,Infosys,Information Technology,2026-09-11,11:00,2026-09-11 11:00:00,1708.68,1711.63,1706.4,1709.34,498578
INFY,Infosys,Information Technology,2026-09-11,11:30,2026-09-11 11:30:00,1709.34,1724.58,1705.72,1720.93,768691
INFY,Infosys,Information Technology,2026-09-11,12:00,2026-09-11 12:00:00,1720.93,1744.4,1714.8,1738.21,825409
INFY,Infosys,Information Technology,2026-09-11,12:30,2026-09-11 12:30:00,1738.21,1747.23,1735.97,1744.99,874462
INFY,Infosys,Information Technology,2026-09-11,13:00,2026-09-11 13:00:00,1744.99,1759.22,1733.46,1747.67,501029
INFY,Infosys,Information Technology,2026-09-11,13:30,2026-09-11 13:30:00,1747.67,1751.52,1746.67,1750.51,740268
INFY,Infosys,Information Technology,2026-09-11,14:00,2026-09-11 14:00:00,1750.51,1754.53,1748.47,1752.49,488278
INFY,Infosys,Information Technology,2026-09-11,14:30,2026-09-11 14:30:00,1752.49,1757.49,1744.75,1749.74,355962
INFY,Infosys,Information Technology,2026-09-11,15:00,2026-09-11 15:00:00,1749.74,1750.97,1736.56,1737.77,633732
INFY,Infosys,Information Technology,2026-09-11,15:30,2026-09-11 15:30:00,1737.77,1738.97,1727.59,1728.79,595762
INFY,Infosys,Information Technology,2026-09-14,09:30,2026-09-14 09:30:00,1715.81,1717.42,1709.29,1710.9,628205
INFY,Infosys,Information Technology,2026-09-14,10:00,2026-09-14 10:00:00,1710.9,1721.89,1707.27,1718.25,893819
INFY,Infosys,Information Technology,2026-09-14,10:30,2026-09-14 10:30:00,1718.25,1722.31,1710.17,1714.23,622517
INFY,Infosys,Information Technology,2026-09-14,11:00,2026-09-14 11:00:00,1714.23,1719.4,1704.51,1709.67,378939
INFY,Infosys,Information Technology,2026-09-14,11:30,2026-09-14 11:30:00,1709.67,1714.73,1692.05,1697.08,753344
INFY,Infosys,Information Technology,2026-09-14,12:00,2026-09-14 12:00:00,1697.08,1703.53,1689.42,1695.86,599569
INFY,Infosys,Information Technology,2026-09-14,12:30,2026-09-14 12:30:00,1695.86,1701.15,1679.33,1684.58,724227
INFY,Infosys,Information Technology,2026-09-14,13:00,2026-09-14 13:00:00,1684.58,1687.08,1674.36,1676.85,894166
INFY,Infosys,Information Technology,2026-09-14,13:30,2026-09-14 13:30:00,1676.85,1683.41,1673.25,1679.81,395981
INFY,Infosys,Information Technology,2026-09-14,14:00,2026-09-14 14:00:00,1679.81,1685.83,1672.71,1678.73,424705
INFY,Infosys,Information Technology,2026-09-14,14:30,2026-09-14 14:30:00,1678.73,1680.02,1678.5,1679.79,713475
INFY,Infosys,Information Technology,2026-09-14,15:00,2026-09-14 15:00:00,1679.79,1682.16,1666.2,1668.56,633134
INFY,Infosys,Information Technology,2026-09-14,15:30,2026-09-14 15:30:00,1668.56,1684.22,1663.3,1678.93,1105443
INFY,Infosys,Information Technology,2026-09-15,09:30,2026-09-15 09:30:00,1704.87,1720.72,1688.15,1704.0,1132466
INFY,Infosys,Information Technology,2026-09-15,10:00,2026-09-15 10:00:00,1704.0,1706.14,1699.75,1701.89,350721
INFY,Infosys,Information Technology,2026-09-15,10:30,2026-09-15 10:30:00,1701.89,1706.22,1693.19,1697.5,393864
INFY,Infosys,Information Technology,2026-09-15,11:00,2026-09-15 11:00:00,1697.5,1717.33,1688.59,1708.35,587834
INFY,Infosys,Information Technology,2026-09-15,11:30,2026-09-15 11:30:00,1708.35,1714.83,1690.46,1696.89,537989
INFY,Infosys,Information Technology,2026-09-15,12:00,2026-09-15 12:00:00,1696.89,1700.19,1676.91,1680.18,709260
INFY,Infosys,Information Technology,2026-09-15,12:30,2026-09-15 12:30:00,1680.18,1688.61,1678.83,1687.26,558261
INFY,Infosys,Information Technology,2026-09-15,13:00,2026-09-15 13:00:00,1687.26,1691.5,1684.97,1689.21,375796
INFY,Infosys,Information Technology,2026-09-15,13:30,2026-09-15 13:30:00,1689.21,1693.79,1684.22,1688.8,540041
INFY,Infosys,Information Technology,2026-09-15,14:00,2026-09-15 14:00:00,1688.8,1694.71,1685.22,1691.13,609217
INFY,Infosys,Information Technology,2026-09-15,14:30,2026-09-15 14:30:00,1691.13,1707.93,1686.77,1703.54,922219
INFY,Infosys,Information Technology,2026-09-15,15:00,2026-09-15 15:00:00,1703.54,1710.96,1686.95,1694.33,588916
INFY,Infosys,Information Technology,2026-09-15,15:30,2026-09-15 15:30:00,1694.33,1699.15,1684.17,1688.98,838437
INFY,Infosys,Information Technology,2026-09-16,09:30,2026-09-16 09:30:00,1676.76,1678.07,1664.34,1665.65,1049798
INFY,Infosys,Information Technology,2026-09-16,10:00,2026-09-16 10:00:00,1665.65,1673.93,1665.49,1673.77,637512
INFY,Infosys,Information Technology,2026-09-16,10:30,2026-09-16 10:30:00,1673.77,1688.25,1671.55,1686.01,937981
INFY,Infosys,Information Technology,2026-09-16,11:00,2026-09-16 11:00:00,1686.01,1694.58,1680.11,1688.68,404109
INFY,Infosys,Information Technology,2026-09-16,11:30,2026-09-16 11:30:00,1688.68,1699.28,1679.63,1690.23,675058
INFY,Infosys,Information Technology,2026-09-16,12:00,2026-09-16 12:00:00,1690.23,1693.3,1687.54,1690.6,329044
INFY,Infosys,Information Technology,2026-09-16,12:30,2026-09-16 12:30:00,1690.6,1699.67,1683.38,1692.44,562869
INFY,Infosys,Information Technology,2026-09-16,13:00,2026-09-16 13:00:00,1692.44,1697.54,1685.44,1690.54,634415
INFY,Infosys,Information Technology,2026-09-16,13:30,2026-09-16 13:30:00,1690.54,1696.82,1687.69,1693.98,810816
INFY,Infosys,Information Technology,2026-09-16,14:00,2026-09-16 14:00:00,1693.98,1696.79,1692.58,1695.39,429803
INFY,Infosys,Information Technology,2026-09-16,14:30,2026-09-16 14:30:00,1695.39,1698.75,1685.55,1688.89,757236
INFY,Infosys,Information Technology,2026-09-16,15:00,2026-09-16 15:00:00,1688.89,1694.9,1672.46,1678.42,593174
INFY,Infosys,Information Technology,2026-09-16,15:30,2026-09-16 15:30:00,1678.42,1692.85,1677.65,1692.07,945618
INFY,Infosys,Information Technology,2026-09-17,09:30,2026-09-17 09:30:00,1689.99,1699.86,1681.43,1691.29,876053
INFY,Infosys,Information Technology,2026-09-17,10:00,2026-09-17 10:00:00,1691.29,1701.26,1682.29,1692.25,483337
INFY,Infosys,Information Technology,2026-09-17,10:30,2026-09-17 10:30:00,1692.25,1696.59,1689.07,1693.4,398675
INFY,Infosys,Information Technology,2026-09-17,11:00,2026-09-17 11:00:00,1693.4,1706.12,1687.77,1700.47,643304
INFY,Infosys,Information Technology,2026-09-17,11:30,2026-09-17 11:30:00,1700.47,1708.15,1699.41,1707.1,434740
INFY,Infosys,Information Technology,2026-09-17,12:00,2026-09-17 12:00:00,1707.1,1711.93,1703.47,1708.3,463279
INFY,Infosys,Information Technology,2026-09-17,12:30,2026-09-17 12:30:00,1708.3,1716.87,1707.61,1716.19,512815
INFY,Infosys,Information Technology,2026-09-17,13:00,2026-09-17 13:00:00,1716.19,1737.36,1713.7,1734.85,1277294
INFY,Infosys,Information Technology,2026-09-17,13:30,2026-09-17 13:30:00,1734.85,1741.0,1727.69,1733.84,342179
INFY,Infosys,Information Technology,2026-09-17,14:00,2026-09-17 14:00:00,1733.84,1741.58,1722.37,1730.1,422148
INFY,Infosys,Information Technology,2026-09-17,14:30,2026-09-17 14:30:00,1730.1,1741.42,1721.57,1732.88,712499
INFY,Infosys,Information Technology,2026-09-17,15:00,2026-09-17 15:00:00,1732.88,1736.06,1729.21,1732.39,498948
INFY,Infosys,Information Technology,2026-09-17,15:30,2026-09-17 15:30:00,1732.39,1743.73,1726.74,1738.06,1056121
INFY,Infosys,Information Technology,2026-09-18,09:30,2026-09-18 09:30:00,1731.51,1734.74,1720.35,1723.57,1312468
INFY,Infosys,Information Technology,2026-09-18,10:00,2026-09-18 10:00:00,1723.57,1731.8,1712.87,1721.09,774261
INFY,Infosys,Information Technology,2026-09-18,10:30,2026-09-18 10:30:00,1721.09,1722.18,1707.56,1708.64,728077
INFY,Infosys,Information Technology,2026-09-18,11:00,2026-09-18 11:00:00,1708.64,1716.03,1706.44,1713.83,477586
INFY,Infosys,Information Technology,2026-09-18,11:30,2026-09-18 11:30:00,1713.83,1725.28,1712.17,1723.61,823059
INFY,Infosys,Information Technology,2026-09-18,12:00,2026-09-18 12:00:00,1723.61,1731.38,1719.32,1727.08,668706
INFY,Infosys,Information Technology,2026-09-18,12:30,2026-09-18 12:30:00,1727.08,1745.06,1724.82,1742.79,1173324
INFY,Infosys,Information Technology,2026-09-18,13:00,2026-09-18 13:00:00,1742.79,1750.11,1725.41,1732.69,801053
INFY,Infosys,Information Technology,2026-09-18,13:30,2026-09-18 13:30:00,1732.69,1736.49,1721.72,1725.51,870782
INFY,Infosys,Information Technology,2026-09-18,14:00,2026-09-18 14:00:00,1725.51,1730.6,1718.19,1723.27,535129
INFY,Infosys,Information Technology,2026-09-18,14:30,2026-09-18 14:30:00,1723.27,1725.22,1718.54,1720.48,624845
INFY,Infosys,Information Technology,2026-09-18,15:00,2026-09-18 15:00:00,1720.48,1720.89,1709.08,1709.49,692143
INFY,Infosys,Information Technology,2026-09-18,15:30,2026-09-18 15:30:00,1709.49,1716.97,1697.82,1705.29,480613
INFY,Infosys,Information Technology,2026-09-21,09:30,2026-09-21 09:30:00,1689.31,1714.06,1681.88,1706.55,2018372
INFY,Infosys,Information Technology,2026-09-21,10:00,2026-09-21 10:00:00,1706.55,1706.71,1704.87,1705.03,347733
INFY,Infosys,Information Technology,2026-09-21,10:30,2026-09-21 10:30:00,1705.03,1705.92,1702.94,1703.82,595558
INFY,Infosys,Information Technology,2026-09-21,11:00,2026-09-21 11:00:00,1703.82,1704.06,1695.57,1695.8,809446
INFY,Infosys,Information Technology,2026-09-21,11:30,2026-09-21 11:30:00,1695.8,1700.01,1695.45,1699.66,667078
INFY,Infosys,Information Technology,2026-09-21,12:00,2026-09-21 12:00:00,1699.66,1701.34,1696.64,1698.32,681333
INFY,Infosys,Information Technology,2026-09-21,12:30,2026-09-21 12:30:00,1698.32,1699.33,1686.36,1687.36,822297
INFY,Infosys,Information Technology,2026-09-21,13:00,2026-09-21 13:00:00,1687.36,1700.37,1681.76,1694.74,877276
INFY,Infosys,Information Technology,2026-09-21,13:30,2026-09-21 13:30:00,1694.74,1702.32,1672.67,1680.18,804893
INFY,Infosys,Information Technology,2026-09-21,14:00,2026-09-21 14:00:00,1680.18,1680.31,1679.03,1679.16,573447
INFY,Infosys,Information Technology,2026-09-21,14:30,2026-09-21 14:30:00,1679.16,1681.47,1675.17,1677.48,537999
INFY,Infosys,Information Technology,2026-09-21,15:00,2026-09-21 15:00:00,1677.48,1679.17,1674.29,1675.98,512760
INFY,Infosys,Information Technology,2026-09-21,15:30,2026-09-21 15:30:00,1675.98,1678.73,1671.51,1674.25,783157
RELIANCE,Reliance Industries,Energy,2026-09-04,09:30,2026-09-04 09:30:00,2875.0,2895.8,2858.08,2878.86,703814
RELIANCE,Reliance Industries,Energy,2026-09-04,10:00,2026-09-04 10:00:00,2878.86,2890.31,2875.2,2886.64,808587
RELIANCE,Reliance Industries,Energy,2026-09-04,10:30,2026-09-04 10:30:00,2886.64,2893.18,2878.34,2884.88,919891
RELIANCE,Reliance Industries,Energy,2026-09-04,11:00,2026-09-04 11:00:00,2884.88,2902.31,2867.1,2884.53,528566
RELIANCE,Reliance Industries,Energy,2026-09-04,11:30,2026-09-04 11:30:00,2884.53,2896.15,2878.56,2890.17,803033
RELIANCE,Reliance Industries,Energy,2026-09-04,12:00,2026-09-04 12:00:00,2890.17,2892.45,2880.84,2883.12,979132
RELIANCE,Reliance Industries,Energy,2026-09-04,12:30,2026-09-04 12:30:00,2883.12,2891.43,2877.75,2886.06,740992
RELIANCE,Reliance Industries,Energy,2026-09-04,13:00,2026-09-04 13:00:00,2886.06,2919.58,2870.5,2903.92,1205659
RELIANCE,Reliance Industries,Energy,2026-09-04,13:30,2026-09-04 13:30:00,2903.92,2916.11,2901.53,2913.7,797946
RELIANCE,Reliance Industries,Energy,2026-09-04,14:00,2026-09-04 14:00:00,2913.7,2918.55,2911.61,2916.46,548659
RELIANCE,Reliance Industries,Energy,2026-09-04,14:30,2026-09-04 14:30:00,2916.46,2931.38,2910.78,2925.68,723225
RELIANCE,Reliance Industries,Energy,2026-09-04,15:00,2026-09-04 15:00:00,2925.68,2938.36,2914.76,2927.43,879445
RELIANCE,Reliance Industries,Energy,2026-09-04,15:30,2026-09-04 15:30:00,2927.43,2938.58,2920.15,2931.29,625081
RELIANCE,Reliance Industries,Energy,2026-09-07,09:30,2026-09-07 09:30:00,2898.32,2903.92,2857.82,2863.35,2321161
RELIANCE,Reliance Industries,Energy,2026-09-07,10:00,2026-09-07 10:00:00,2863.35,2869.2,2858.43,2864.29,669413
RELIANCE,Reliance Industries,Energy,2026-09-07,10:30,2026-09-07 10:30:00,2864.29,2881.54,2861.75,2879.0,1043131
RELIANCE,Reliance Industries,Energy,2026-09-07,11:00,2026-09-07 11:00:00,2879.0,2899.69,2869.88,2890.54,1051158
RELIANCE,Reliance Industries,Energy,2026-09-07,11:30,2026-09-07 11:30:00,2890.54,2899.82,2865.36,2874.59,825510
RELIANCE,Reliance Industries,Energy,2026-09-07,12:00,2026-09-07 12:00:00,2874.59,2876.1,2870.56,2872.06,620689
RELIANCE,Reliance Industries,Energy,2026-09-07,12:30,2026-09-07 12:30:00,2872.06,2872.95,2869.24,2870.12,446514
RELIANCE,Reliance Industries,Energy,2026-09-07,13:00,2026-09-07 13:00:00,2870.12,2879.14,2862.9,2871.91,512102
RELIANCE,Reliance Industries,Energy,2026-09-07,13:30,2026-09-07 13:30:00,2871.91,2881.86,2854.45,2864.37,765125
RELIANCE,Reliance Industries,Energy,2026-09-07,14:00,2026-09-07 14:00:00,2864.37,2865.95,2864.18,2865.76,459576
RELIANCE,Reliance Industries,Energy,2026-09-07,14:30,2026-09-07 14:30:00,2865.76,2875.92,2855.82,2865.99,774568
RELIANCE,Reliance Industries,Energy,2026-09-07,15:00,2026-09-07 15:00:00,2865.99,2874.15,2844.03,2852.15,936498
RELIANCE,Reliance Industries,Energy,2026-09-07,15:30,2026-09-07 15:30:00,2852.15,2856.44,2848.45,2852.74,550444
RELIANCE,Reliance Industries,Energy,2026-09-08,09:30,2026-09-08 09:30:00,2858.98,2890.77,2856.91,2888.67,1278788
RELIANCE,Reliance Industries,Energy,2026-09-08,10:00,2026-09-08 10:00:00,2888.67,2895.03,2880.71,2887.07,699305
RELIANCE,Reliance Industries,Energy,2026-09-08,10:30,2026-09-08 10:30:00,2887.07,2891.83,2873.24,2877.98,701381
RELIANCE,Reliance Industries,Energy,2026-09-08,11:00,2026-09-08 11:00:00,2877.98,2902.33,2859.86,2884.17,569234
RELIANCE,Reliance Industries,Energy,2026-09-08,11:30,2026-09-08 11:30:00,2884.17,2885.12,2876.58,2877.53,814546
RELIANCE,Reliance Industries,Energy,2026-09-08,12:00,2026-09-08 12:00:00,2877.53,2895.69,2871.67,2889.8,1055110
RELIANCE,Reliance Industries,Energy,2026-09-08,12:30,2026-09-08 12:30:00,2889.8,2893.34,2883.05,2886.59,572713
RELIANCE,Reliance Industries,Energy,2026-09-08,13:00,2026-09-08 13:00:00,2886.59,2888.72,2882.23,2884.37,773961
RELIANCE,Reliance Industries,Energy,2026-09-08,13:30,2026-09-08 13:30:00,2884.37,2890.34,2879.98,2885.95,890042
RELIANCE,Reliance Industries,Energy,2026-09-08,14:00,2026-09-08 14:00:00,2885.95,2886.78,2885.78,2886.61,614519
RELIANCE,Reliance Industries,Energy,2026-09-08,14:30,2026-09-08 14:30:00,2886.61,2887.95,2874.35,2875.69,983505
RELIANCE,Reliance Industries,Energy,2026-09-08,15:00,2026-09-08 15:00:00,2875.69,2890.48,2873.01,2887.78,1182694
RELIANCE,Reliance Industries,Energy,2026-09-08,15:30,2026-09-08 15:30:00,2887.78,2889.36,2884.51,2886.09,1198539
RELIANCE,Reliance Industries,Energy,2026-09-09,09:30,2026-09-09 09:30:00,2875.46,2892.36,2875.45,2892.34,1367528
RELIANCE,Reliance Industries,Energy,2026-09-09,10:00,2026-09-09 10:00:00,2892.34,2893.5,2890.19,2891.34,710537
RELIANCE,Reliance Industries,Energy,2026-09-09,10:30,2026-09-09 10:30:00,2891.34,2895.19,2879.71,2883.55,1081054
RELIANCE,Reliance Industries,Energy,2026-09-09,11:00,2026-09-09 11:00:00,2883.55,2885.2,2882.4,2884.05,618964
RELIANCE,Reliance Industries,Energy,2026-09-09,11:30,2026-09-09 11:30:00,2884.05,2894.41,2861.73,2872.04,941731
RELIANCE,Reliance Industries,Energy,2026-09-09,12:00,2026-09-09 12:00:00,2872.04,2873.37,2856.51,2857.83,962042
RELIANCE,Reliance Industries,Energy,2026-09-09,12:30,2026-09-09 12:30:00,2857.83,2872.56,2850.07,2864.78,707411
RELIANCE,Reliance Industries,Energy,2026-09-09,13:00,2026-09-09 13:00:00,2864.78,2887.79,2857.29,2880.26,1264507
RELIANCE,Reliance Industries,Energy,2026-09-09,13:30,2026-09-09 13:30:00,2880.26,2885.03,2876.96,2881.73,728529
RELIANCE,Reliance Industries,Energy,2026-09-09,14:00,2026-09-09 14:00:00,2881.73,2902.22,2875.76,2896.21,939846
RELIANCE,Reliance Industries,Energy,2026-09-09,14:30,2026-09-09 14:30:00,2896.21,2912.7,2888.53,2904.99,892649
RELIANCE,Reliance Industries,Energy,2026-09-09,15:00,2026-09-09 15:00:00,2904.99,2906.72,2893.06,2894.78,1075779
RELIANCE,Reliance Industries,Energy,2026-09-09,15:30,2026-09-09 15:30:00,2894.78,2910.46,2864.94,2880.54,1422388
RELIANCE,Reliance Industries,Energy,2026-09-10,09:30,2026-09-10 09:30:00,2901.21,2911.05,2893.92,2903.75,1152528
RELIANCE,Reliance Industries,Energy,2026-09-10,10:00,2026-09-10 10:00:00,2903.75,2915.64,2890.13,2902.01,736138
RELIANCE,Reliance Industries,Energy,2026-09-10,10:30,2026-09-10 10:30:00,2902.01,2909.09,2896.07,2903.15,833320
RELIANCE,Reliance Industries,Energy,2026-09-10,11:00,2026-09-10 11:00:00,2903.15,2924.89,2895.88,2917.59,589463
RELIANCE,Reliance Industries,Energy,2026-09-10,11:30,2026-09-10 11:30:00,2917.59,2926.25,2910.28,2918.94,742192
RELIANCE,Reliance Industries,Energy,2026-09-10,12:00,2026-09-10 12:00:00,2918.94,2944.87,2909.8,2935.68,731106
RELIANCE,Reliance Industries,Energy,2026-09-10,12:30,2026-09-10 12:30:00,2935.68,2942.03,2904.39,2910.68,1195492
RELIANCE,Reliance Industries,Energy,2026-09-10,13:00,2026-09-10 13:00:00,2910.68,2926.65,2886.96,2902.89,746575
RELIANCE,Reliance Industries,Energy,2026-09-10,13:30,2026-09-10 13:30:00,2902.89,2907.63,2879.49,2884.21,956147
RELIANCE,Reliance Industries,Energy,2026-09-10,14:00,2026-09-10 14:00:00,2884.21,2912.71,2881.86,2910.34,791507
RELIANCE,Reliance Industries,Energy,2026-09-10,14:30,2026-09-10 14:30:00,2910.34,2914.25,2892.3,2896.19,1244107
RELIANCE,Reliance Industries,Energy,2026-09-10,15:00,2026-09-10 15:00:00,2896.19,2909.16,2890.51,2903.48,1066053
RELIANCE,Reliance Industries,Energy,2026-09-10,15:30,2026-09-10 15:30:00,2903.48,2920.24,2895.03,2911.77,821435
RELIANCE,Reliance Industries,Energy,2026-09-11,09:30,2026-09-11 09:30:00,2900.3,2909.97,2867.77,2877.36,2429358
RELIANCE,Reliance Industries,Energy,2026-09-11,10:00,2026-09-11 10:00:00,2877.36,2881.34,2863.22,2867.19,1000966
RELIANCE,Reliance Industries,Energy,2026-09-11,10:30,2026-09-11 10:30:00,2867.19,2885.47,2861.82,2880.08,895547
RELIANCE,Reliance Industries,Energy,2026-09-11,11:00,2026-09-11 11:00:00,2880.08,2885.29,2867.58,2872.78,682814
RELIANCE,Reliance Industries,Energy,2026-09-11,11:30,2026-09-11 11:30:00,2872.78,2882.87,2861.33,2871.41,806778
RELIANCE,Reliance Industries,Energy,2026-09-11,12:00,2026-09-11 12:00:00,2871.41,2878.33,2861.14,2868.06,718825
RELIANCE,Reliance Industries,Energy,2026-09-11,12:30,2026-09-11 12:30:00,2868.06,2874.21,2863.13,2869.28,733969
RELIANCE,Reliance Industries,Energy,2026-09-11,13:00,2026-09-11 13:00:00,2869.28,2899.89,2861.95,2892.49,932881
RELIANCE,Reliance Industries,Energy,2026-09-11,13:30,2026-09-11 13:30:00,2892.49,2922.44,2887.62,2917.53,1317777
RELIANCE,Reliance Industries,Energy,2026-09-11,14:00,2026-09-11 14:00:00,2917.53,2930.34,2911.76,2924.56,1050968
RELIANCE,Reliance Industries,Energy,2026-09-11,14:30,2026-09-11 14:30:00,2924.56,2929.37,2922.38,2927.19,918023
RELIANCE,Reliance Industries,Energy,2026-09-11,15:00,2026-09-11 15:00:00,2927.19,2933.01,2907.95,2913.75,813299
RELIANCE,Reliance Industries,Energy,2026-09-11,15:30,2026-09-11 15:30:00,2913.75,2924.15,2875.74,2886.04,1957388
RELIANCE,Reliance Industries,Energy,2026-09-14,09:30,2026-09-14 09:30:00,2875.05,2898.52,2861.32,2884.74,1323374
RELIANCE,Reliance Industries,Energy,2026-09-14,10:00,2026-09-14 10:00:00,2884.74,2895.48,2873.24,2883.97,577840
RELIANCE,Reliance Industries,Energy,2026-09-14,10:30,2026-09-14 10:30:00,2883.97,2891.34,2876.78,2884.14,899378
RELIANCE,Reliance Industries,Energy,2026-09-14,11:00,2026-09-14 11:00:00,2884.14,2886.43,2850.71,2852.98,1041220
RELIANCE,Reliance Industries,Energy,2026-09-14,11:30,2026-09-14 11:30:00,2852.98,2858.43,2845.97,2851.42,695810
RELIANCE,Reliance Industries,Energy,2026-09-14,12:00,2026-09-14 12:00:00,2851.42,2859.58,2828.32,2836.43,1035885
RELIANCE,Reliance Industries,Energy,2026-09-14,12:30,2026-09-14 12:30:00,2836.43,2848.71,2832.16,2844.42,507919
RELIANCE,Reliance Industries,Energy,2026-09-14,13:00,2026-09-14 13:00:00,2844.42,2844.79,2838.34,2838.7,810781
RELIANCE,Reliance Industries,Energy,2026-09-14,13:30,2026-09-14 13:30:00,2838.7,2853.57,2804.47,2819.24,875266
RELIANCE,Reliance Industries,Energy,2026-09-14,14:00,2026-09-14 14:00:00,2819.24,2825.32,2819.08,2825.16,877343
RELIANCE,Reliance Industries,Energy,2026-09-14,14:30,2026-09-14 14:30:00,2825.16,2832.67,2816.59,2824.1,645290
RELIANCE,Reliance Industries,Energy,2026-09-14,15:00,2026-09-14 15:00:00,2824.1,2824.76,2813.0,2813.65,536494
RELIANCE,Reliance Industries,Energy,2026-09-14,15:30,2026-09-14 15:30:00,2813.65,2819.54,2787.16,2793.0,1052840
RELIANCE,Reliance Industries,Energy,2026-09-15,09:30,2026-09-15 09:30:00,2801.17,2815.61,2787.76,2802.2,1012853
RELIANCE,Reliance Industries,Energy,2026-09-15,10:00,2026-09-15 10:00:00,2802.2,2804.95,2798.18,2800.93,651031
RELIANCE,Reliance Industries,Energy,2026-09-15,10:30,2026-09-15 10:30:00,2800.93,2809.46,2793.77,2802.3,594623
RELIANCE,Reliance Industries,Energy,2026-09-15,11:00,2026-09-15 11:00:00,2802.3,2827.32,2787.5,2812.47,1118533
RELIANCE,Reliance Industries,Energy,2026-09-15,11:30,2026-09-15 11:30:00,2812.47,2822.63,2800.13,2810.28,919985
RELIANCE,Reliance Industries,Energy,2026-09-15,12:00,2026-09-15 12:00:00,2810.28,2813.04,2801.97,2804.73,634813
RELIANCE,Reliance Industries,Energy,2026-09-15,12:30,2026-09-15 12:30:00,2804.73,2807.3,2801.83,2804.41,848360
RELIANCE,Reliance Industries,Energy,2026-09-15,13:00,2026-09-15 13:00:00,2804.41,2820.15,2793.86,2809.58,970976
RELIANCE,Reliance Industries,Energy,2026-09-15,13:30,2026-09-15 13:30:00,2809.58,2826.58,2802.0,2818.97,720531
RELIANCE,Reliance Industries,Energy,2026-09-15,14:00,2026-09-15 14:00:00,2818.97,2820.07,2811.15,2812.25,632166
RELIANCE,Reliance Industries,Energy,2026-09-15,14:30,2026-09-15 14:30:00,2812.25,2826.49,2806.69,2820.92,1131942
RELIANCE,Reliance Industries,Energy,2026-09-15,15:00,2026-09-15 15:00:00,2820.92,2835.01,2813.15,2827.23,790686
RELIANCE,Reliance Industries,Energy,2026-09-15,15:30,2026-09-15 15:30:00,2827.23,2844.04,2823.47,2840.26,1608294
RELIANCE,Reliance Industries,Energy,2026-09-16,09:30,2026-09-16 09:30:00,2880.0,2902.66,2864.39,2887.02,1255139
RELIANCE,Reliance Industries,Energy,2026-09-16,10:00,2026-09-16 10:00:00,2887.02,2892.74,2880.55,2886.27,848881
RELIANCE,Reliance Industries,Energy,2026-09-16,10:30,2026-09-16 10:30:00,2886.27,2901.35,2881.32,2896.38,579585
RELIANCE,Reliance Industries,Energy,2026-09-16,11:00,2026-09-16 11:00:00,2896.38,2898.6,2894.68,2896.89,766470
RELIANCE,Reliance Industries,Energy,2026-09-16,11:30,2026-09-16 11:30:00,2896.89,2907.27,2877.45,2887.79,728351
RELIANCE,Reliance Industries,Energy,2026-09-16,12:00,2026-09-16 12:00:00,2887.79,2891.68,2860.34,2864.19,1150266
RELIANCE,Reliance Industries,Energy,2026-09-16,12:30,2026-09-16 12:30:00,2864.19,2866.76,2857.94,2860.51,632678
RELIANCE,Reliance Industries,Energy,2026-09-16,13:00,2026-09-16 13:00:00,2860.51,2865.61,2860.49,2865.58,733932
RELIANCE,Reliance Industries,Energy,2026-09-16,13:30,2026-09-16 13:30:00,2865.58,2874.05,2862.04,2870.5,823885
RELIANCE,Reliance Industries,Energy,2026-09-16,14:00,2026-09-16 14:00:00,2870.5,2878.25,2867.37,2875.12,994874
RELIANCE,Reliance Industries,Energy,2026-09-16,14:30,2026-09-16 14:30:00,2875.12,2879.97,2854.48,2859.31,1179089
RELIANCE,Reliance Industries,Energy,2026-09-16,15:00,2026-09-16 15:00:00,2859.31,2859.76,2852.35,2852.8,736110
RELIANCE,Reliance Industries,Energy,2026-09-16,15:30,2026-09-16 15:30:00,2852.8,2854.27,2837.13,2838.59,873596
RELIANCE,Reliance Industries,Energy,2026-09-17,09:30,2026-09-17 09:30:00,2857.17,2869.16,2856.53,2868.52,1001827
RELIANCE,Reliance Industries,Energy,2026-09-17,10:00,2026-09-17 10:00:00,2868.52,2884.51,2868.13,2884.12,1102730
RELIANCE,Reliance Industries,Energy,2026-09-17,10:30,2026-09-17 10:30:00,2884.12,2886.75,2876.9,2879.52,676819
RELIANCE,Reliance Industries,Energy,2026-09-17,11:00,2026-09-17 11:00:00,2879.52,2891.03,2856.59,2868.05,1095007
RELIANCE,Reliance Industries,Energy,2026-09-17,11:30,2026-09-17 11:30:00,2868.05,2872.18,2851.94,2856.05,1074710
RELIANCE,Reliance Industries,Energy,2026-09-17,12:00,2026-09-17 12:00:00,2856.05,2867.97,2824.01,2835.84,1205733
RELIANCE,Reliance Industries,Energy,2026-09-17,12:30,2026-09-17 12:30:00,2835.84,2839.41,2828.15,2831.71,482922
RELIANCE,Reliance Industries,Energy,2026-09-17,13:00,2026-09-17 13:00:00,2831.71,2845.96,2827.63,2841.87,597849
RELIANCE,Reliance Industries,Energy,2026-09-17,13:30,2026-09-17 13:30:00,2841.87,2857.27,2833.0,2848.38,576146
RELIANCE,Reliance Industries,Energy,2026-09-17,14:00,2026-09-17 14:00:00,2848.38,2855.66,2832.11,2839.37,914428
RELIANCE,Reliance Industries,Energy,2026-09-17,14:30,2026-09-17 14:30:00,2839.37,2854.62,2830.59,2845.82,574693
RELIANCE,Reliance Industries,Energy,2026-09-17,15:00,2026-09-17 15:00:00,2845.82,2850.32,2831.59,2836.08,564629
RELIANCE,Reliance Industries,Energy,2026-09-17,15:30,2026-09-17 15:30:00,2836.08,2856.58,2833.65,2854.14,861445
RELIANCE,Reliance Industries,Energy,2026-09-18,09:30,2026-09-18 09:30:00,2849.51,2871.5,2829.93,2851.9,1403325
RELIANCE,Reliance Industries,Energy,2026-09-18,10:00,2026-09-18 10:00:00,2851.9,2855.97,2834.76,2838.82,625975
RELIANCE,Reliance Industries,Energy,2026-09-18,10:30,2026-09-18 10:30:00,2838.82,2854.89,2827.28,2843.34,519391
RELIANCE,Reliance Industries,Energy,2026-09-18,11:00,2026-09-18 11:00:00,2843.34,2852.87,2826.93,2836.44,776826
RELIANCE,Reliance Industries,Energy,2026-09-18,11:30,2026-09-18 11:30:00,2836.44,2840.52,2833.58,2837.65,448271
RELIANCE,Reliance Industries,Energy,2026-09-18,12:00,2026-09-18 12:00:00,2837.65,2858.9,2822.95,2844.16,836584
RELIANCE,Reliance Industries,Energy,2026-09-18,12:30,2026-09-18 12:30:00,2844.16,2846.41,2839.72,2841.98,449294
RELIANCE,Reliance Industries,Energy,2026-09-18,13:00,2026-09-18 13:00:00,2841.98,2853.55,2820.29,2831.83,615739
RELIANCE,Reliance Industries,Energy,2026-09-18,13:30,2026-09-18 13:30:00,2831.83,2835.64,2826.46,2830.27,568667
RELIANCE,Reliance Industries,Energy,2026-09-18,14:00,2026-09-18 14:00:00,2830.27,2846.34,2813.48,2829.55,503781
RELIANCE,Reliance Industries,Energy,2026-09-18,14:30,2026-09-18 14:30:00,2829.55,2834.2,2817.76,2822.4,826038
RELIANCE,Reliance Industries,Energy,2026-09-18,15:00,2026-09-18 15:00:00,2822.4,2828.96,2819.69,2826.25,783385
RELIANCE,Reliance Industries,Energy,2026-09-18,15:30,2026-09-18 15:30:00,2826.25,2833.39,2802.65,2809.74,1753170
RELIANCE,Reliance Industries,Energy,2026-09-21,09:30,2026-09-21 09:30:00,2818.26,2833.77,2805.71,2821.21,964804
RELIANCE,Reliance Industries,Energy,2026-09-21,10:00,2026-09-21 10:00:00,2821.21,2829.08,2807.68,2815.53,741504
RELIANCE,Reliance Industries,Energy,2026-09-21,10:30,2026-09-21 10:30:00,2815.53,2824.3,2806.5,2815.27,747969
RELIANCE,Reliance Industries,Energy,2026-09-21,11:00,2026-09-21 11:00:00,2815.27,2817.37,2814.53,2816.64,592942
RELIANCE,Reliance Industries,Energy,2026-09-21,11:30,2026-09-21 11:30:00,2816.64,2820.46,2816.57,2820.39,572155
RELIANCE,Reliance Industries,Energy,2026-09-21,12:00,2026-09-21 12:00:00,2820.39,2831.19,2809.02,2819.82,869925
RELIANCE,Reliance Industries,Energy,2026-09-21,12:30,2026-09-21 12:30:00,2819.82,2827.87,2799.15,2807.16,874085
RELIANCE,Reliance Industries,Energy,2026-09-21,13:00,2026-09-21 13:00:00,2807.16,2837.1,2793.23,2823.09,803250
RELIANCE,Reliance Industries,Energy,2026-09-21,13:30,2026-09-21 13:30:00,2823.09,2830.96,2813.68,2821.54,413975
RELIANCE,Reliance Industries,Energy,2026-09-21,14:00,2026-09-21 14:00:00,2821.54,2829.76,2805.63,2813.82,837252
RELIANCE,Reliance Industries,Energy,2026-09-21,14:30,2026-09-21 14:30:00,2813.82,2829.35,2808.05,2823.56,1125660
RELIANCE,Reliance Industries,Energy,2026-09-21,15:00,2026-09-21 15:00:00,2823.56,2835.11,2812.77,2824.32,507485
RELIANCE,Reliance Industries,Energy,2026-09-21,15:30,2026-09-21 15:30:00,2824.32,2851.28,2811.39,2838.28,1039074
HDFCBANK,HDFC Bank,Banking,2026-09-04,09:30,2026-09-04 09:30:00,1698.25,1699.31,1696.8,1697.86,1387523
HDFCBANK,HDFC Bank,Banking,2026-09-04,10:00,2026-09-04 10:00:00,1697.86,1707.09,1696.48,1705.7,782166
HDFCBANK,HDFC Bank,Banking,2026-09-04,10:30,2026-09-04 10:30:00,1705.7,1707.83,1696.1,1698.23,868158
HDFCBANK,HDFC Bank,Banking,2026-09-04,11:00,2026-09-04 11:00:00,1698.23,1702.44,1691.43,1695.63,587043
HDFCBANK,HDFC Bank,Banking,2026-09-04,11:30,2026-09-04 11:30:00,1695.63,1704.47,1690.3,1699.12,1135130
HDFCBANK,HDFC Bank,Banking,2026-09-04,12:00,2026-09-04 12:00:00,1699.12,1700.99,1698.84,1700.71,950773
HDFCBANK,HDFC Bank,Banking,2026-09-04,12:30,2026-09-04 12:30:00,1700.71,1706.17,1691.5,1696.95,794580
HDFCBANK,HDFC Bank,Banking,2026-09-04,13:00,2026-09-04 13:00:00,1696.95,1705.76,1695.09,1703.89,1028185
HDFCBANK,HDFC Bank,Banking,2026-09-04,13:30,2026-09-04 13:30:00,1703.89,1707.58,1701.37,1705.06,760839
HDFCBANK,HDFC Bank,Banking,2026-09-04,14:00,2026-09-04 14:00:00,1705.06,1707.65,1696.0,1698.58,1275874
HDFCBANK,HDFC Bank,Banking,2026-09-04,14:30,2026-09-04 14:30:00,1698.58,1700.02,1692.92,1694.36,949621
HDFCBANK,HDFC Bank,Banking,2026-09-04,15:00,2026-09-04 15:00:00,1694.36,1697.78,1683.6,1687.01,1439569
HDFCBANK,HDFC Bank,Banking,2026-09-04,15:30,2026-09-04 15:30:00,1687.01,1689.99,1681.53,1684.51,835853
HDFCBANK,HDFC Bank,Banking,2026-09-07,09:30,2026-09-07 09:30:00,1665.18,1668.34,1660.97,1664.13,1756714
HDFCBANK,HDFC Bank,Banking,2026-09-07,10:00,2026-09-07 10:00:00,1664.13,1676.84,1662.87,1675.58,1629994
HDFCBANK,HDFC Bank,Banking,2026-09-07,10:30,2026-09-07 10:30:00,1675.58,1678.9,1675.56,1678.89,1136046
HDFCBANK,HDFC Bank,Banking,2026-09-07,11:00,2026-09-07 11:00:00,1678.89,1680.88,1676.96,1678.95,914485
HDFCBANK,HDFC Bank,Banking,2026-09-07,11:30,2026-09-07 11:30:00,1678.95,1684.62,1675.29,1680.96,897837
HDFCBANK,HDFC Bank,Banking,2026-09-07,12:00,2026-09-07 12:00:00,1680.96,1684.54,1675.71,1679.29,547937
HDFCBANK,HDFC Bank,Banking,2026-09-07,12:30,2026-09-07 12:30:00,1679.29,1680.49,1677.27,1678.47,791788
HDFCBANK,HDFC Bank,Banking,2026-09-07,13:00,2026-09-07 13:00:00,1678.47,1679.57,1674.63,1675.73,1063666
HDFCBANK,HDFC Bank,Banking,2026-09-07,13:30,2026-09-07 13:30:00,1675.73,1679.23,1667.56,1671.05,944947
HDFCBANK,HDFC Bank,Banking,2026-09-07,14:00,2026-09-07 14:00:00,1671.05,1674.13,1670.84,1673.92,1160532
HDFCBANK,HDFC Bank,Banking,2026-09-07,14:30,2026-09-07 14:30:00,1673.92,1676.37,1666.73,1669.17,650235
HDFCBANK,HDFC Bank,Banking,2026-09-07,15:00,2026-09-07 15:00:00,1669.17,1673.08,1667.38,1671.28,748909
HDFCBANK,HDFC Bank,Banking,2026-09-07,15:30,2026-09-07 15:30:00,1671.28,1673.52,1670.84,1673.07,1183336
HDFCBANK,HDFC Bank,Banking,2026-09-08,09:30,2026-09-08 09:30:00,1671.91,1680.07,1668.5,1676.64,1254167
HDFCBANK,HDFC Bank,Banking,2026-09-08,10:00,2026-09-08 10:00:00,1676.64,1682.19,1675.84,1681.38,614456
HDFCBANK,HDFC Bank,Banking,2026-09-08,10:30,2026-09-08 10:30:00,1681.38,1697.32,1677.88,1693.79,1267866
HDFCBANK,HDFC Bank,Banking,2026-09-08,11:00,2026-09-08 11:00:00,1693.79,1694.22,1693.3,1693.72,750630
HDFCBANK,HDFC Bank,Banking,2026-09-08,11:30,2026-09-08 11:30:00,1693.72,1695.45,1692.7,1694.42,827985
HDFCBANK,HDFC Bank,Banking,2026-09-08,12:00,2026-09-08 12:00:00,1694.42,1706.36,1694.06,1705.99,745078
HDFCBANK,HDFC Bank,Banking,2026-09-08,12:30,2026-09-08 12:30:00,1705.99,1708.3,1704.11,1706.42,671491
HDFCBANK,HDFC Bank,Banking,2026-09-08,13:00,2026-09-08 13:00:00,1706.42,1708.47,1705.72,1707.77,924448
HDFCBANK,HDFC Bank,Banking,2026-09-08,13:30,2026-09-08 13:30:00,1707.77,1712.39,1700.45,1705.06,598298
HDFCBANK,HDFC Bank,Banking,2026-09-08,14:00,2026-09-08 14:00:00,1705.06,1707.06,1703.27,1705.26,925555
HDFCBANK,HDFC Bank,Banking,2026-09-08,14:30,2026-09-08 14:30:00,1705.26,1706.07,1694.0,1694.81,1439731
HDFCBANK,HDFC Bank,Banking,2026-09-08,15:00,2026-09-08 15:00:00,1694.81,1698.89,1689.34,1693.42,620051
HDFCBANK,HDFC Bank,Banking,2026-09-08,15:30,2026-09-08 15:30:00,1693.42,1704.95,1687.02,1698.53,852286
HDFCBANK,HDFC Bank,Banking,2026-09-09,09:30,2026-09-09 09:30:00,1705.68,1723.88,1698.82,1716.98,2596592
HDFCBANK,HDFC Bank,Banking,2026-09-09,10:00,2026-09-09 10:00:00,1716.98,1722.13,1716.52,1721.67,1185367
HDFCBANK,HDFC Bank,Banking,2026-09-09,10:30,2026-09-09 10:30:00,1721.67,1727.84,1712.65,1718.81,1071538
HDFCBANK,HDFC Bank,Banking,2026-09-09,11:00,2026-09-09 11:00:00,1718.81,1722.39,1716.72,1720.3,534897
HDFCBANK,HDFC Bank,Banking,2026-09-09,11:30,2026-09-09 11:30:00,1720.3,1722.61,1716.15,1718.46,868088
HDFCBANK,HDFC Bank,Banking,2026-09-09,12:00,2026-09-09 12:00:00,1718.46,1721.78,1716.28,1719.6,786370
HDFCBANK,HDFC Bank,Banking,2026-09-09,12:30,2026-09-09 12:30:00,1719.6,1720.44,1718.66,1719.49,895380
HDFCBANK,HDFC Bank,Banking,2026-09-09,13:00,2026-09-09 13:00:00,1719.49,1723.78,1713.47,1717.75,1020858
HDFCBANK,HDFC Bank,Banking,2026-09-09,13:30,2026-09-09 13:30:00,1717.75,1718.91,1715.78,1716.94,980991
HDFCBANK,HDFC Bank,Banking,2026-09-09,14:00,2026-09-09 14:00:00,1716.94,1717.76,1712.04,1712.86,1077847
HDFCBANK,HDFC Bank,Banking,2026-09-09,14:30,2026-09-09 14:30:00,1712.86,1714.31,1708.38,1709.83,894833
HDFCBANK,HDFC Bank,Banking,2026-09-09,15:00,2026-09-09 15:00:00,1709.83,1713.83,1697.87,1701.85,1112673
HDFCBANK,HDFC Bank,Banking,2026-09-09,15:30,2026-09-09 15:30:00,1701.85,1705.02,1698.14,1701.3,796273
HDFCBANK,HDFC Bank,Banking,2026-09-10,09:30,2026-09-10 09:30:00,1679.52,1684.42,1675.51,1680.41,1573565
HDFCBANK,HDFC Bank,Banking,2026-09-10,10:00,2026-09-10 10:00:00,1680.41,1683.8,1677.18,1680.57,975198
HDFCBANK,HDFC Bank,Banking,2026-09-10,10:30,2026-09-10 10:30:00,1680.57,1683.21,1670.23,1672.87,1134472
HDFCBANK,HDFC Bank,Banking,2026-09-10,11:00,2026-09-10 11:00:00,1672.87,1674.26,1664.81,1666.2,779419
HDFCBANK,HDFC Bank,Banking,2026-09-10,11:30,2026-09-10 11:30:00,1666.2,1668.68,1659.68,1662.16,616357
HDFCBANK,HDFC Bank,Banking,2026-09-10,12:00,2026-09-10 12:00:00,1662.16,1663.56,1658.15,1659.55,514628
HDFCBANK,HDFC Bank,Banking,2026-09-10,12:30,2026-09-10 12:30:00,1659.55,1665.84,1656.45,1662.74,1146410
HDFCBANK,HDFC Bank,Banking,2026-09-10,13:00,2026-09-10 13:00:00,1662.74,1667.66,1653.68,1658.59,937566
HDFCBANK,HDFC Bank,Banking,2026-09-10,13:30,2026-09-10 13:30:00,1658.59,1660.59,1658.38,1660.38,815457
HDFCBANK,HDFC Bank,Banking,2026-09-10,14:00,2026-09-10 14:00:00,1660.38,1663.72,1658.09,1661.43,649327
HDFCBANK,HDFC Bank,Banking,2026-09-10,14:30,2026-09-10 14:30:00,1661.43,1671.65,1651.81,1662.03,567058
HDFCBANK,HDFC Bank,Banking,2026-09-10,15:00,2026-09-10 15:00:00,1662.03,1662.3,1657.2,1657.48,616053
HDFCBANK,HDFC Bank,Banking,2026-09-10,15:30,2026-09-10 15:30:00,1657.48,1665.32,1652.59,1660.43,789295
HDFCBANK,HDFC Bank,Banking,2026-09-11,09:30,2026-09-11 09:30:00,1651.62,1663.32,1648.25,1659.94,1795716
HDFCBANK,HDFC Bank,Banking,2026-09-11,10:00,2026-09-11 10:00:00,1659.94,1669.38,1655.83,1665.26,941367
HDFCBANK,HDFC Bank,Banking,2026-09-11,10:30,2026-09-11 10:30:00,1665.26,1678.68,1662.02,1675.42,1234725
HDFCBANK,HDFC Bank,Banking,2026-09-11,11:00,2026-09-11 11:00:00,1675.42,1675.59,1664.62,1664.79,1084687
HDFCBANK,HDFC Bank,Banking,2026-09-11,11:30,2026-09-11 11:30:00,1664.79,1668.49,1658.33,1662.02,672587
HDFCBANK,HDFC Bank,Banking,2026-09-11,12:00,2026-09-11 12:00:00,1662.02,1667.38,1657.75,1663.1,594425
HDFCBANK,HDFC Bank,Banking,2026-09-11,12:30,2026-09-11 12:30:00,1663.1,1667.9,1661.01,1665.8,605459
HDFCBANK,HDFC Bank,Banking,2026-09-11,13:00,2026-09-11 13:00:00,1665.8,1671.13,1657.24,1662.55,1116203
HDFCBANK,HDFC Bank,Banking,2026-09-11,13:30,2026-09-11 13:30:00,1662.55,1664.03,1658.92,1660.4,629210
HDFCBANK,HDFC Bank,Banking,2026-09-11,14:00,2026-09-11 14:00:00,1660.4,1669.46,1646.61,1655.64,934806
HDFCBANK,HDFC Bank,Banking,2026-09-11,14:30,2026-09-11 14:30:00,1655.64,1670.29,1650.17,1664.78,1038957
HDFCBANK,HDFC Bank,Banking,2026-09-11,15:00,2026-09-11 15:00:00,1664.78,1666.94,1660.98,1663.13,547427
HDFCBANK,HDFC Bank,Banking,2026-09-11,15:30,2026-09-11 15:30:00,1663.13,1671.38,1644.68,1652.88,1066337
HDFCBANK,HDFC Bank,Banking,2026-09-14,09:30,2026-09-14 09:30:00,1656.71,1678.47,1647.4,1669.1,1505219
HDFCBANK,HDFC Bank,Banking,2026-09-14,10:00,2026-09-14 10:00:00,1669.1,1679.42,1664.24,1674.55,1179766
HDFCBANK,HDFC Bank,Banking,2026-09-14,10:30,2026-09-14 10:30:00,1674.55,1677.96,1673.54,1676.95,747112
HDFCBANK,HDFC Bank,Banking,2026-09-14,11:00,2026-09-14 11:00:00,1676.95,1679.89,1672.65,1675.59,720733
HDFCBANK,HDFC Bank,Banking,2026-09-14,11:30,2026-09-14 11:30:00,1675.59,1690.6,1668.83,1683.8,819937
HDFCBANK,HDFC Bank,Banking,2026-09-14,12:00,2026-09-14 12:00:00,1683.8,1684.56,1683.26,1684.01,1004773
HDFCBANK,HDFC Bank,Banking,2026-09-14,12:30,2026-09-14 12:30:00,1684.01,1691.85,1682.26,1690.09,1012688
HDFCBANK,HDFC Bank,Banking,2026-09-14,13:00,2026-09-14 13:00:00,1690.09,1701.24,1686.12,1697.25,998639
HDFCBANK,HDFC Bank,Banking,2026-09-14,13:30,2026-09-14 13:30:00,1697.25,1699.05,1697.17,1698.97,605845
HDFCBANK,HDFC Bank,Banking,2026-09-14,14:00,2026-09-14 14:00:00,1698.97,1713.59,1694.05,1708.65,1327284
HDFCBANK,HDFC Bank,Banking,2026-09-14,14:30,2026-09-14 14:30:00,1708.65,1716.02,1703.17,1710.55,1095413
HDFCBANK,HDFC Bank,Banking,2026-09-14,15:00,2026-09-14 15:00:00,1710.55,1712.57,1709.06,1711.08,987595
HDFCBANK,HDFC Bank,Banking,2026-09-14,15:30,2026-09-14 15:30:00,1711.08,1711.13,1694.22,1694.27,1829453
HDFCBANK,HDFC Bank,Banking,2026-09-15,09:30,2026-09-15 09:30:00,1697.21,1711.83,1681.41,1696.03,856513
HDFCBANK,HDFC Bank,Banking,2026-09-15,10:00,2026-09-15 10:00:00,1696.03,1702.65,1685.09,1691.69,911676
HDFCBANK,HDFC Bank,Banking,2026-09-15,10:30,2026-09-15 10:30:00,1691.69,1692.47,1681.01,1681.79,997642
HDFCBANK,HDFC Bank,Banking,2026-09-15,11:00,2026-09-15 11:00:00,1681.79,1686.46,1679.26,1683.93,1002210
HDFCBANK,HDFC Bank,Banking,2026-09-15,11:30,2026-09-15 11:30:00,1683.93,1693.01,1678.69,1687.76,1027640
HDFCBANK,HDFC Bank,Banking,2026-09-15,12:00,2026-09-15 12:00:00,1687.76,1689.28,1684.89,1686.42,978865
HDFCBANK,HDFC Bank,Banking,2026-09-15,12:30,2026-09-15 12:30:00,1686.42,1689.31,1681.63,1684.52,611217
HDFCBANK,HDFC Bank,Banking,2026-09-15,13:00,2026-09-15 13:00:00,1684.52,1695.36,1675.89,1686.71,558675
HDFCBANK,HDFC Bank,Banking,2026-09-15,13:30,2026-09-15 13:30:00,1686.71,1687.12,1681.38,1681.79,1093399
HDFCBANK,HDFC Bank,Banking,2026-09-15,14:00,2026-09-15 14:00:00,1681.79,1687.32,1678.76,1684.28,620463
HDFCBANK,HDFC Bank,Banking,2026-09-15,14:30,2026-09-15 14:30:00,1684.28,1688.74,1670.55,1674.98,1479140
HDFCBANK,HDFC Bank,Banking,2026-09-15,15:00,2026-09-15 15:00:00,1674.98,1676.6,1672.96,1674.58,895648
HDFCBANK,HDFC Bank,Banking,2026-09-15,15:30,2026-09-15 15:30:00,1674.58,1682.92,1663.76,1672.08,776614
HDFCBANK,HDFC Bank,Banking,2026-09-16,09:30,2026-09-16 09:30:00,1674.08,1680.82,1673.18,1679.93,2030907
HDFCBANK,HDFC Bank,Banking,2026-09-16,10:00,2026-09-16 10:00:00,1679.93,1680.29,1675.69,1676.05,801111
HDFCBANK,HDFC Bank,Banking,2026-09-16,10:30,2026-09-16 10:30:00,1676.05,1678.5,1673.25,1675.7,515755
HDFCBANK,HDFC Bank,Banking,2026-09-16,11:00,2026-09-16 11:00:00,1675.7,1679.49,1664.29,1668.07,761832
HDFCBANK,HDFC Bank,Banking,2026-09-16,11:30,2026-09-16 11:30:00,1668.07,1674.69,1663.0,1669.62,603362
HDFCBANK,HDFC Bank,Banking,2026-09-16,12:00,2026-09-16 12:00:00,1669.62,1680.0,1661.03,1671.4,925645
HDFCBANK,HDFC Bank,Banking,2026-09-16,12:30,2026-09-16 12:30:00,1671.4,1686.29,1663.09,1677.95,1118876
HDFCBANK,HDFC Bank,Banking,2026-09-16,13:00,2026-09-16 13:00:00,1677.95,1680.16,1664.66,1666.86,1637362
HDFCBANK,HDFC Bank,Banking,2026-09-16,13:30,2026-09-16 13:30:00,1666.86,1674.72,1664.22,1672.07,705534
HDFCBANK,HDFC Bank,Banking,2026-09-16,14:00,2026-09-16 14:00:00,1672.07,1678.66,1668.09,1674.67,627426
HDFCBANK,HDFC Bank,Banking,2026-09-16,14:30,2026-09-16 14:30:00,1674.67,1678.81,1673.74,1677.87,1177987
HDFCBANK,HDFC Bank,Banking,2026-09-16,15:00,2026-09-16 15:00:00,1677.87,1686.51,1675.31,1683.94,670561
HDFCBANK,HDFC Bank,Banking,2026-09-16,15:30,2026-09-16 15:30:00,1683.94,1693.29,1682.71,1692.06,1897878
HDFCBANK,HDFC Bank,Banking,2026-09-17,09:30,2026-09-17 09:30:00,1706.06,1724.88,1696.27,1715.05,1151520
HDFCBANK,HDFC Bank,Banking,2026-09-17,10:00,2026-09-17 10:00:00,1715.05,1716.68,1712.02,1713.66,800194
HDFCBANK,HDFC Bank,Banking,2026-09-17,10:30,2026-09-17 10:30:00,1713.66,1717.19,1709.38,1712.91,765023
HDFCBANK,HDFC Bank,Banking,2026-09-17,11:00,2026-09-17 11:00:00,1712.91,1714.1,1699.07,1700.25,844237
HDFCBANK,HDFC Bank,Banking,2026-09-17,11:30,2026-09-17 11:30:00,1700.25,1701.34,1694.1,1695.19,623646
HDFCBANK,HDFC Bank,Banking,2026-09-17,12:00,2026-09-17 12:00:00,1695.19,1702.89,1690.44,1698.14,531632
HDFCBANK,HDFC Bank,Banking,2026-09-17,12:30,2026-09-17 12:30:00,1698.14,1701.42,1697.56,1700.84,1145936
HDFCBANK,HDFC Bank,Banking,2026-09-17,13:00,2026-09-17 13:00:00,1700.84,1701.82,1698.52,1699.5,927145
HDFCBANK,HDFC Bank,Banking,2026-09-17,13:30,2026-09-17 13:30:00,1699.5,1703.23,1698.53,1702.26,746140
HDFCBANK,HDFC Bank,Banking,2026-09-17,14:00,2026-09-17 14:00:00,1702.26,1707.81,1695.68,1701.23,870213
HDFCBANK,HDFC Bank,Banking,2026-09-17,14:30,2026-09-17 14:30:00,1701.23,1703.66,1696.58,1699.01,892498
HDFCBANK,HDFC Bank,Banking,2026-09-17,15:00,2026-09-17 15:00:00,1699.01,1700.82,1698.16,1699.96,571254
HDFCBANK,HDFC Bank,Banking,2026-09-17,15:30,2026-09-17 15:30:00,1699.96,1720.64,1699.63,1720.29,1934992
HDFCBANK,HDFC Bank,Banking,2026-09-18,09:30,2026-09-18 09:30:00,1720.94,1729.64,1720.08,1728.78,1154865
HDFCBANK,HDFC Bank,Banking,2026-09-18,10:00,2026-09-18 10:00:00,1728.78,1734.52,1718.06,1723.78,650587
HDFCBANK,HDFC Bank,Banking,2026-09-18,10:30,2026-09-18 10:30:00,1723.78,1727.2,1715.06,1718.47,713339
HDFCBANK,HDFC Bank,Banking,2026-09-18,11:00,2026-09-18 11:00:00,1718.47,1718.47,1711.5,1711.5,689286
HDFCBANK,HDFC Bank,Banking,2026-09-18,11:30,2026-09-18 11:30:00,1711.5,1717.71,1704.9,1711.11,728539
HDFCBANK,HDFC Bank,Banking,2026-09-18,12:00,2026-09-18 12:00:00,1711.11,1718.72,1697.51,1705.09,1165141
HDFCBANK,HDFC Bank,Banking,2026-09-18,12:30,2026-09-18 12:30:00,1705.09,1708.73,1704.34,1707.98,534386
HDFCBANK,HDFC Bank,Banking,2026-09-18,13:00,2026-09-18 13:00:00,1707.98,1720.79,1702.96,1715.75,1192282
HDFCBANK,HDFC Bank,Banking,2026-09-18,13:30,2026-09-18 13:30:00,1715.75,1717.32,1711.14,1712.71,885382
HDFCBANK,HDFC Bank,Banking,2026-09-18,14:00,2026-09-18 14:00:00,1712.71,1725.03,1709.2,1721.5,660223
HDFCBANK,HDFC Bank,Banking,2026-09-18,14:30,2026-09-18 14:30:00,1721.5,1726.2,1717.1,1721.8,493259
HDFCBANK,HDFC Bank,Banking,2026-09-18,15:00,2026-09-18 15:00:00,1721.8,1723.37,1719.32,1720.89,890890
HDFCBANK,HDFC Bank,Banking,2026-09-18,15:30,2026-09-18 15:30:00,1720.89,1740.89,1717.63,1737.6,1874365
HDFCBANK,HDFC Bank,Banking,2026-09-21,09:30,2026-09-21 09:30:00,1741.28,1755.13,1735.14,1748.96,1513996
HDFCBANK,HDFC Bank,Banking,2026-09-21,10:00,2026-09-21 10:00:00,1748.96,1754.27,1747.6,1752.91,1000211
HDFCBANK,HDFC Bank,Banking,2026-09-21,10:30,2026-09-21 10:30:00,1752.91,1756.69,1745.84,1749.62,893180
HDFCBANK,HDFC Bank,Banking,2026-09-21,11:00,2026-09-21 11:00:00,1749.62,1752.61,1749.12,1752.11,1102299
HDFCBANK,HDFC Bank,Banking,2026-09-21,11:30,2026-09-21 11:30:00,1752.11,1761.15,1750.04,1759.07,1185792
HDFCBANK,HDFC Bank,Banking,2026-09-21,12:00,2026-09-21 12:00:00,1759.07,1762.1,1753.68,1756.71,1076605
HDFCBANK,HDFC Bank,Banking,2026-09-21,12:30,2026-09-21 12:30:00,1756.71,1758.68,1755.7,1757.67,498336
HDFCBANK,HDFC Bank,Banking,2026-09-21,13:00,2026-09-21 13:00:00,1757.67,1767.37,1749.83,1759.52,706854
HDFCBANK,HDFC Bank,Banking,2026-09-21,13:30,2026-09-21 13:30:00,1759.52,1772.89,1755.77,1769.12,1503772
HDFCBANK,HDFC Bank,Banking,2026-09-21,14:00,2026-09-21 14:00:00,1769.12,1773.79,1755.56,1760.2,1031299
HDFCBANK,HDFC Bank,Banking,2026-09-21,14:30,2026-09-21 14:30:00,1760.2,1769.57,1746.98,1756.33,620547
HDFCBANK,HDFC Bank,Banking,2026-09-21,15:00,2026-09-21 15:00:00,1756.33,1768.49,1753.77,1765.91,1308143
HDFCBANK,HDFC Bank,Banking,2026-09-21,15:30,2026-09-21 15:30:00,1765.91,1773.9,1761.85,1769.84,1538719
ICICIBANK,ICICI Bank,Banking,2026-09-04,09:30,2026-09-04 09:30:00,1184.6,1185.08,1182.76,1183.24,2299157
ICICIBANK,ICICI Bank,Banking,2026-09-04,10:00,2026-09-04 10:00:00,1183.24,1186.4,1183.18,1186.34,1210168
ICICIBANK,ICICI Bank,Banking,2026-09-04,10:30,2026-09-04 10:30:00,1186.34,1195.95,1184.07,1193.67,1647158
ICICIBANK,ICICI Bank,Banking,2026-09-04,11:00,2026-09-04 11:00:00,1193.67,1204.38,1188.38,1199.07,1130526
ICICIBANK,ICICI Bank,Banking,2026-09-04,11:30,2026-09-04 11:30:00,1199.07,1200.45,1192.27,1193.64,1454100
ICICIBANK,ICICI Bank,Banking,2026-09-04,12:00,2026-09-04 12:00:00,1193.64,1194.66,1186.69,1187.7,1648233
ICICIBANK,ICICI Bank,Banking,2026-09-04,12:30,2026-09-04 12:30:00,1187.7,1191.29,1182.25,1185.83,679110
ICICIBANK,ICICI Bank,Banking,2026-09-04,13:00,2026-09-04 13:00:00,1185.83,1188.76,1178.78,1181.7,908021
ICICIBANK,ICICI Bank,Banking,2026-09-04,13:30,2026-09-04 13:30:00,1181.7,1185.23,1179.73,1183.26,1341593
ICICIBANK,ICICI Bank,Banking,2026-09-04,14:00,2026-09-04 14:00:00,1183.26,1195.85,1177.39,1189.95,1612642
ICICIBANK,ICICI Bank,Banking,2026-09-04,14:30,2026-09-04 14:30:00,1189.95,1193.59,1183.02,1186.64,1130870
ICICIBANK,ICICI Bank,Banking,2026-09-04,15:00,2026-09-04 15:00:00,1186.64,1190.23,1181.02,1184.6,681465
ICICIBANK,ICICI Bank,Banking,2026-09-04,15:30,2026-09-04 15:30:00,1184.6,1184.63,1179.64,1179.67,1054747
ICICIBANK,ICICI Bank,Banking,2026-09-07,09:30,2026-09-07 09:30:00,1178.42,1188.52,1177.43,1187.51,2028107
ICICIBANK,ICICI Bank,Banking,2026-09-07,10:00,2026-09-07 10:00:00,1187.51,1192.88,1175.58,1180.91,1247408
ICICIBANK,ICICI Bank,Banking,2026-09-07,10:30,2026-09-07 10:30:00,1180.91,1185.12,1177.08,1181.28,584415
ICICIBANK,ICICI Bank,Banking,2026-09-07,11:00,2026-09-07 11:00:00,1181.28,1190.79,1177.36,1186.85,1073888
ICICIBANK,ICICI Bank,Banking,2026-09-07,11:30,2026-09-07 11:30:00,1186.85,1189.11,1181.79,1184.05,1053206
ICICIBANK,ICICI Bank,Banking,2026-09-07,12:00,2026-09-07 12:00:00,1184.05,1195.84,1180.29,1192.06,1080180
ICICIBANK,ICICI Bank,Banking,2026-09-07,12:30,2026-09-07 12:30:00,1192.06,1206.55,1188.09,1202.55,1585067
ICICIBANK,ICICI Bank,Banking,2026-09-07,13:00,2026-09-07 13:00:00,1202.55,1204.86,1197.71,1200.02,1096874
ICICIBANK,ICICI Bank,Banking,2026-09-07,13:30,2026-09-07 13:30:00,1200.02,1206.46,1197.71,1204.14,1186631
ICICIBANK,ICICI Bank,Banking,2026-09-07,14:00,2026-09-07 14:00:00,1204.14,1215.62,1199.26,1210.7,1836756
ICICIBANK,ICICI Bank,Banking,2026-09-07,14:30,2026-09-07 14:30:00,1210.7,1214.19,1208.67,1212.16,751942
ICICIBANK,ICICI Bank,Banking,2026-09-07,15:00,2026-09-07 15:00:00,1212.16,1212.89,1210.58,1211.31,682024
ICICIBANK,ICICI Bank,Banking,2026-09-07,15:30,2026-09-07 15:30:00,1211.31,1211.63,1211.17,1211.49,880384
ICICIBANK,ICICI Bank,Banking,2026-09-08,09:30,2026-09-08 09:30:00,1195.35,1200.02,1178.11,1182.73,3135151
ICICIBANK,ICICI Bank,Banking,2026-09-08,10:00,2026-09-08 10:00:00,1182.73,1183.31,1175.17,1175.75,1064654
ICICIBANK,ICICI Bank,Banking,2026-09-08,10:30,2026-09-08 10:30:00,1175.75,1179.61,1174.18,1178.04,1422612
ICICIBANK,ICICI Bank,Banking,2026-09-08,11:00,2026-09-08 11:00:00,1178.04,1180.78,1174.82,1177.56,1182063
ICICIBANK,ICICI Bank,Banking,2026-09-08,11:30,2026-09-08 11:30:00,1177.56,1181.44,1164.75,1168.6,1523967
ICICIBANK,ICICI Bank,Banking,2026-09-08,12:00,2026-09-08 12:00:00,1168.6,1174.91,1163.81,1170.11,702423
ICICIBANK,ICICI Bank,Banking,2026-09-08,12:30,2026-09-08 12:30:00,1170.11,1175.98,1166.03,1171.89,1271592
ICICIBANK,ICICI Bank,Banking,2026-09-08,13:00,2026-09-08 13:00:00,1171.89,1179.11,1169.41,1176.62,1077561
ICICIBANK,ICICI Bank,Banking,2026-09-08,13:30,2026-09-08 13:30:00,1176.62,1177.13,1171.81,1172.33,1422197
ICICIBANK,ICICI Bank,Banking,2026-09-08,14:00,2026-09-08 14:00:00,1172.33,1175.57,1165.52,1168.75,1043281
ICICIBANK,ICICI Bank,Banking,2026-09-08,14:30,2026-09-08 14:30:00,1168.75,1172.42,1168.4,1172.07,856318
ICICIBANK,ICICI Bank,Banking,2026-09-08,15:00,2026-09-08 15:00:00,1172.07,1172.72,1166.44,1167.09,1115330
ICICIBANK,ICICI Bank,Banking,2026-09-08,15:30,2026-09-08 15:30:00,1167.09,1173.88,1151.54,1158.27,2268949
ICICIBANK,ICICI Bank,Banking,2026-09-09,09:30,2026-09-09 09:30:00,1152.44,1178.28,1144.07,1169.78,4721507
ICICIBANK,ICICI Bank,Banking,2026-09-09,10:00,2026-09-09 10:00:00,1169.78,1173.75,1168.84,1172.8,984583
ICICIBANK,ICICI Bank,Banking,2026-09-09,10:30,2026-09-09 10:30:00,1172.8,1176.74,1165.22,1169.15,1480199
ICICIBANK,ICICI Bank,Banking,2026-09-09,11:00,2026-09-09 11:00:00,1169.15,1171.44,1168.9,1171.19,877605
ICICIBANK,ICICI Bank,Banking,2026-09-09,11:30,2026-09-09 11:30:00,1171.19,1176.53,1169.25,1174.58,1238714
ICICIBANK,ICICI Bank,Banking,2026-09-09,12:00,2026-09-09 12:00:00,1174.58,1178.59,1173.22,1177.22,1167874
ICICIBANK,ICICI Bank,Banking,2026-09-09,12:30,2026-09-09 12:30:00,1177.22,1180.15,1174.45,1177.38,999764
ICICIBANK,ICICI Bank,Banking,2026-09-09,13:00,2026-09-09 13:00:00,1177.38,1180.04,1175.97,1178.63,1268785
ICICIBANK,ICICI Bank,Banking,2026-09-09,13:30,2026-09-09 13:30:00,1178.63,1180.27,1174.03,1175.67,1481482
ICICIBANK,ICICI Bank,Banking,2026-09-09,14:00,2026-09-09 14:00:00,1175.67,1183.93,1171.82,1180.07,1643587
ICICIBANK,ICICI Bank,Banking,2026-09-09,14:30,2026-09-09 14:30:00,1180.07,1183.26,1178.19,1181.38,964126
ICICIBANK,ICICI Bank,Banking,2026-09-09,15:00,2026-09-09 15:00:00,1181.38,1185.26,1180.11,1184.0,1500064
ICICIBANK,ICICI Bank,Banking,2026-09-09,15:30,2026-09-09 15:30:00,1184.0,1189.38,1178.65,1184.04,1501553
ICICIBANK,ICICI Bank,Banking,2026-09-10,09:30,2026-09-10 09:30:00,1180.67,1197.04,1171.55,1187.87,1947140
ICICIBANK,ICICI Bank,Banking,2026-09-10,10:00,2026-09-10 10:00:00,1187.87,1188.46,1186.98,1187.57,958715
ICICIBANK,ICICI Bank,Banking,2026-09-10,10:30,2026-09-10 10:30:00,1187.57,1194.55,1177.19,1184.15,908665
ICICIBANK,ICICI Bank,Banking,2026-09-10,11:00,2026-09-10 11:00:00,1184.15,1187.82,1178.66,1182.32,1384062
ICICIBANK,ICICI Bank,Banking,2026-09-10,11:30,2026-09-10 11:30:00,1182.32,1184.26,1179.5,1181.44,711635
ICICIBANK,ICICI Bank,Banking,2026-09-10,12:00,2026-09-10 12:00:00,1181.44,1184.07,1174.8,1177.42,1219324
ICICIBANK,ICICI Bank,Banking,2026-09-10,12:30,2026-09-10 12:30:00,1177.42,1182.82,1171.88,1177.29,837241
ICICIBANK,ICICI Bank,Banking,2026-09-10,13:00,2026-09-10 13:00:00,1177.29,1183.16,1176.37,1182.23,1468809
ICICIBANK,ICICI Bank,Banking,2026-09-10,13:30,2026-09-10 13:30:00,1182.23,1192.41,1181.31,1191.48,1872626
ICICIBANK,ICICI Bank,Banking,2026-09-10,14:00,2026-09-10 14:00:00,1191.48,1197.02,1189.45,1194.98,764339
ICICIBANK,ICICI Bank,Banking,2026-09-10,14:30,2026-09-10 14:30:00,1194.98,1202.29,1190.95,1198.25,1073713
ICICIBANK,ICICI Bank,Banking,2026-09-10,15:00,2026-09-10 15:00:00,1198.25,1200.47,1197.05,1199.27,1185375
ICICIBANK,ICICI Bank,Banking,2026-09-10,15:30,2026-09-10 15:30:00,1199.27,1200.21,1191.92,1192.85,2125011
ICICIBANK,ICICI Bank,Banking,2026-09-11,09:30,2026-09-11 09:30:00,1185.59,1188.16,1168.09,1170.62,3054408
ICICIBANK,ICICI Bank,Banking,2026-09-11,10:00,2026-09-11 10:00:00,1170.62,1179.11,1168.94,1177.42,1620400
ICICIBANK,ICICI Bank,Banking,2026-09-11,10:30,2026-09-11 10:30:00,1177.42,1180.07,1171.57,1174.21,1230584
ICICIBANK,ICICI Bank,Banking,2026-09-11,11:00,2026-09-11 11:00:00,1174.21,1175.81,1168.2,1169.79,1377417
ICICIBANK,ICICI Bank,Banking,2026-09-11,11:30,2026-09-11 11:30:00,1169.79,1171.36,1169.77,1171.34,911447
ICICIBANK,ICICI Bank,Banking,2026-09-11,12:00,2026-09-11 12:00:00,1171.34,1174.68,1166.19,1169.53,1207568
ICICIBANK,ICICI Bank,Banking,2026-09-11,12:30,2026-09-11 12:30:00,1169.53,1169.67,1167.34,1167.48,1173467
ICICIBANK,ICICI Bank,Banking,2026-09-11,13:00,2026-09-11 13:00:00,1167.48,1172.32,1161.25,1166.08,1236956
ICICIBANK,ICICI Bank,Banking,2026-09-11,13:30,2026-09-11 13:30:00,1166.08,1168.98,1165.66,1168.55,1230389
ICICIBANK,ICICI Bank,Banking,2026-09-11,14:00,2026-09-11 14:00:00,1168.55,1175.15,1168.2,1174.8,1430669
ICICIBANK,ICICI Bank,Banking,2026-09-11,14:30,2026-09-11 14:30:00,1174.8,1179.88,1173.85,1178.92,1060176
ICICIBANK,ICICI Bank,Banking,2026-09-11,15:00,2026-09-11 15:00:00,1178.92,1187.25,1174.95,1183.26,1330214
ICICIBANK,ICICI Bank,Banking,2026-09-11,15:30,2026-09-11 15:30:00,1183.26,1183.7,1175.88,1176.32,2160615
ICICIBANK,ICICI Bank,Banking,2026-09-14,09:30,2026-09-14 09:30:00,1187.44,1188.06,1180.88,1181.5,2035966
ICICIBANK,ICICI Bank,Banking,2026-09-14,10:00,2026-09-14 10:00:00,1181.5,1182.92,1177.56,1178.98,1046930
ICICIBANK,ICICI Bank,Banking,2026-09-14,10:30,2026-09-14 10:30:00,1178.98,1184.57,1171.07,1176.65,1070034
ICICIBANK,ICICI Bank,Banking,2026-09-14,11:00,2026-09-14 11:00:00,1176.65,1177.11,1168.67,1169.12,1377629
ICICIBANK,ICICI Bank,Banking,2026-09-14,11:30,2026-09-14 11:30:00,1169.12,1172.46,1158.66,1161.98,1603388
ICICIBANK,ICICI Bank,Banking,2026-09-14,12:00,2026-09-14 12:00:00,1161.98,1162.36,1152.03,1152.4,2247296
ICICIBANK,ICICI Bank,Banking,2026-09-14,12:30,2026-09-14 12:30:00,1152.4,1159.42,1151.08,1158.1,1674797
ICICIBANK,ICICI Bank,Banking,2026-09-14,13:00,2026-09-14 13:00:00,1158.1,1163.46,1150.68,1156.04,905610
ICICIBANK,ICICI Bank,Banking,2026-09-14,13:30,2026-09-14 13:30:00,1156.04,1166.48,1151.27,1161.68,833438
ICICIBANK,ICICI Bank,Banking,2026-09-14,14:00,2026-09-14 14:00:00,1161.68,1169.49,1156.48,1164.28,1084272
ICICIBANK,ICICI Bank,Banking,2026-09-14,14:30,2026-09-14 14:30:00,1164.28,1166.16,1162.99,1164.87,635859
ICICIBANK,ICICI Bank,Banking,2026-09-14,15:00,2026-09-14 15:00:00,1164.87,1166.87,1158.07,1160.06,1297304
ICICIBANK,ICICI Bank,Banking,2026-09-14,15:30,2026-09-14 15:30:00,1160.06,1160.51,1158.91,1159.35,1731478
ICICIBANK,ICICI Bank,Banking,2026-09-15,09:30,2026-09-15 09:30:00,1159.82,1172.24,1157.59,1170.0,2735688
ICICIBANK,ICICI Bank,Banking,2026-09-15,10:00,2026-09-15 10:00:00,1170.0,1181.29,1165.78,1177.05,903844
ICICIBANK,ICICI Bank,Banking,2026-09-15,10:30,2026-09-15 10:30:00,1177.05,1177.76,1172.65,1173.36,1093280
ICICIBANK,ICICI Bank,Banking,2026-09-15,11:00,2026-09-15 11:00:00,1173.36,1178.38,1172.75,1177.77,887266
ICICIBANK,ICICI Bank,Banking,2026-09-15,11:30,2026-09-15 11:30:00,1177.77,1178.26,1173.29,1173.77,946309
ICICIBANK,ICICI Bank,Banking,2026-09-15,12:00,2026-09-15 12:00:00,1173.77,1174.71,1168.89,1169.82,961065
ICICIBANK,ICICI Bank,Banking,2026-09-15,12:30,2026-09-15 12:30:00,1169.82,1171.8,1169.02,1171.01,699744
ICICIBANK,ICICI Bank,Banking,2026-09-15,13:00,2026-09-15 13:00:00,1171.01,1178.33,1166.33,1173.64,1369287
ICICIBANK,ICICI Bank,Banking,2026-09-15,13:30,2026-09-15 13:30:00,1173.64,1174.14,1172.29,1172.79,983799
ICICIBANK,ICICI Bank,Banking,2026-09-15,14:00,2026-09-15 14:00:00,1172.79,1178.74,1163.21,1169.14,920901
ICICIBANK,ICICI Bank,Banking,2026-09-15,14:30,2026-09-15 14:30:00,1169.14,1174.12,1165.59,1170.57,1147184
ICICIBANK,ICICI Bank,Banking,2026-09-15,15:00,2026-09-15 15:00:00,1170.57,1176.74,1167.94,1174.11,843233
ICICIBANK,ICICI Bank,Banking,2026-09-15,15:30,2026-09-15 15:30:00,1174.11,1177.42,1167.59,1170.9,2028203
ICICIBANK,ICICI Bank,Banking,2026-09-16,09:30,2026-09-16 09:30:00,1179.35,1181.7,1178.43,1180.78,1221042
ICICIBANK,ICICI Bank,Banking,2026-09-16,10:00,2026-09-16 10:00:00,1180.78,1184.05,1174.6,1177.86,1542283
ICICIBANK,ICICI Bank,Banking,2026-09-16,10:30,2026-09-16 10:30:00,1177.86,1178.66,1169.79,1170.59,1081123
ICICIBANK,ICICI Bank,Banking,2026-09-16,11:00,2026-09-16 11:00:00,1170.59,1173.27,1161.99,1164.66,1623992
ICICIBANK,ICICI Bank,Banking,2026-09-16,11:30,2026-09-16 11:30:00,1164.66,1168.99,1162.11,1166.44,814294
ICICIBANK,ICICI Bank,Banking,2026-09-16,12:00,2026-09-16 12:00:00,1166.44,1168.78,1161.74,1164.08,1090860
ICICIBANK,ICICI Bank,Banking,2026-09-16,12:30,2026-09-16 12:30:00,1164.08,1166.11,1161.09,1163.12,734573
ICICIBANK,ICICI Bank,Banking,2026-09-16,13:00,2026-09-16 13:00:00,1163.12,1168.89,1152.54,1158.29,1158839
ICICIBANK,ICICI Bank,Banking,2026-09-16,13:30,2026-09-16 13:30:00,1158.29,1158.42,1151.66,1151.79,992305
ICICIBANK,ICICI Bank,Banking,2026-09-16,14:00,2026-09-16 14:00:00,1151.79,1158.52,1150.41,1157.13,1803340
ICICIBANK,ICICI Bank,Banking,2026-09-16,14:30,2026-09-16 14:30:00,1157.13,1159.03,1155.52,1157.41,659970
ICICIBANK,ICICI Bank,Banking,2026-09-16,15:00,2026-09-16 15:00:00,1157.41,1162.61,1155.93,1161.13,931783
ICICIBANK,ICICI Bank,Banking,2026-09-16,15:30,2026-09-16 15:30:00,1161.13,1165.73,1146.79,1151.35,2685608
ICICIBANK,ICICI Bank,Banking,2026-09-17,09:30,2026-09-17 09:30:00,1148.79,1156.04,1135.35,1142.56,1571401
ICICIBANK,ICICI Bank,Banking,2026-09-17,10:00,2026-09-17 10:00:00,1142.56,1145.58,1140.75,1143.77,940079
ICICIBANK,ICICI Bank,Banking,2026-09-17,10:30,2026-09-17 10:30:00,1143.77,1145.57,1142.01,1143.82,749564
ICICIBANK,ICICI Bank,Banking,2026-09-17,11:00,2026-09-17 11:00:00,1143.82,1150.48,1140.66,1147.32,1431032
ICICIBANK,ICICI Bank,Banking,2026-09-17,11:30,2026-09-17 11:30:00,1147.32,1148.78,1143.88,1145.34,1307543
ICICIBANK,ICICI Bank,Banking,2026-09-17,12:00,2026-09-17 12:00:00,1145.34,1146.26,1143.39,1144.31,1053163
ICICIBANK,ICICI Bank,Banking,2026-09-17,12:30,2026-09-17 12:30:00,1144.31,1145.18,1141.36,1142.23,827785
ICICIBANK,ICICI Bank,Banking,2026-09-17,13:00,2026-09-17 13:00:00,1142.23,1144.45,1137.06,1139.28,1530611
ICICIBANK,ICICI Bank,Banking,2026-09-17,13:30,2026-09-17 13:30:00,1139.28,1140.4,1135.83,1136.96,848825
ICICIBANK,ICICI Bank,Banking,2026-09-17,14:00,2026-09-17 14:00:00,1136.96,1137.97,1130.98,1131.98,808880
ICICIBANK,ICICI Bank,Banking,2026-09-17,14:30,2026-09-17 14:30:00,1131.98,1133.32,1125.65,1126.98,1664654
ICICIBANK,ICICI Bank,Banking,2026-09-17,15:00,2026-09-17 15:00:00,1126.98,1133.2,1122.77,1128.98,846331
ICICIBANK,ICICI Bank,Banking,2026-09-17,15:30,2026-09-17 15:30:00,1128.98,1139.86,1127.84,1138.71,2150457
ICICIBANK,ICICI Bank,Banking,2026-09-18,09:30,2026-09-18 09:30:00,1142.79,1154.96,1141.72,1153.88,3868940
ICICIBANK,ICICI Bank,Banking,2026-09-18,10:00,2026-09-18 10:00:00,1153.88,1157.83,1151.89,1155.83,1448961
ICICIBANK,ICICI Bank,Banking,2026-09-18,10:30,2026-09-18 10:30:00,1155.83,1164.93,1150.47,1159.56,1428521
ICICIBANK,ICICI Bank,Banking,2026-09-18,11:00,2026-09-18 11:00:00,1159.56,1163.61,1152.77,1156.81,1388594
ICICIBANK,ICICI Bank,Banking,2026-09-18,11:30,2026-09-18 11:30:00,1156.81,1162.75,1151.07,1157.01,1233628
ICICIBANK,ICICI Bank,Banking,2026-09-18,12:00,2026-09-18 12:00:00,1157.01,1158.44,1151.4,1152.83,1204756
ICICIBANK,ICICI Bank,Banking,2026-09-18,12:30,2026-09-18 12:30:00,1152.83,1156.09,1149.46,1152.73,832931
ICICIBANK,ICICI Bank,Banking,2026-09-18,13:00,2026-09-18 13:00:00,1152.73,1153.22,1149.59,1150.08,771475
ICICIBANK,ICICI Bank,Banking,2026-09-18,13:30,2026-09-18 13:30:00,1150.08,1152.99,1147.18,1150.08,928775
ICICIBANK,ICICI Bank,Banking,2026-09-18,14:00,2026-09-18 14:00:00,1150.08,1153.25,1149.63,1152.79,1177473
ICICIBANK,ICICI Bank,Banking,2026-09-18,14:30,2026-09-18 14:30:00,1152.79,1160.09,1150.12,1157.4,945349
ICICIBANK,ICICI Bank,Banking,2026-09-18,15:00,2026-09-18 15:00:00,1157.4,1161.37,1153.16,1157.13,1180382
ICICIBANK,ICICI Bank,Banking,2026-09-18,15:30,2026-09-18 15:30:00,1157.13,1160.57,1152.75,1156.18,856087
ICICIBANK,ICICI Bank,Banking,2026-09-21,09:30,2026-09-21 09:30:00,1160.12,1171.69,1155.01,1166.56,2605992
ICICIBANK,ICICI Bank,Banking,2026-09-21,10:00,2026-09-21 10:00:00,1166.56,1175.02,1163.41,1171.86,1715407
ICICIBANK,ICICI Bank,Banking,2026-09-21,10:30,2026-09-21 10:30:00,1171.86,1175.08,1166.56,1169.78,785418
ICICIBANK,ICICI Bank,Banking,2026-09-21,11:00,2026-09-21 11:00:00,1169.78,1175.59,1167.43,1173.24,916873
ICICIBANK,ICICI Bank,Banking,2026-09-21,11:30,2026-09-21 11:30:00,1173.24,1177.8,1171.39,1175.95,683619
ICICIBANK,ICICI Bank,Banking,2026-09-21,12:00,2026-09-21 12:00:00,1175.95,1179.6,1175.35,1178.99,802802
ICICIBANK,ICICI Bank,Banking,2026-09-21,12:30,2026-09-21 12:30:00,1178.99,1185.64,1174.27,1180.91,1062851
ICICIBANK,ICICI Bank,Banking,2026-09-21,13:00,2026-09-21 13:00:00,1180.91,1182.71,1169.93,1171.72,2114089
ICICIBANK,ICICI Bank,Banking,2026-09-21,13:30,2026-09-21 13:30:00,1171.72,1172.38,1168.16,1168.82,740435
ICICIBANK,ICICI Bank,Banking,2026-09-21,14:00,2026-09-21 14:00:00,1168.82,1172.15,1164.82,1168.15,1068001
ICICIBANK,ICICI Bank,Banking,2026-09-21,14:30,2026-09-21 14:30:00,1168.15,1178.32,1165.28,1175.44,1166736
ICICIBANK,ICICI Bank,Banking,2026-09-21,15:00,2026-09-21 15:00:00,1175.44,1181.2,1171.89,1177.64,824015
ICICIBANK,ICICI Bank,Banking,2026-09-21,15:30,2026-09-21 15:30:00,1177.64,1187.71,1175.98,1186.04,2485516
ITC,ITC Limited,FMCG,2026-09-04,09:30,2026-09-04 09:30:00,452.3,454.34,448.23,450.26,2928516
ITC,ITC Limited,FMCG,2026-09-04,10:00,2026-09-04 10:00:00,450.26,452.86,449.73,452.32,1262632
ITC,ITC Limited,FMCG,2026-09-04,10:30,2026-09-04 10:30:00,452.32,454.44,451.03,453.15,1420982
ITC,ITC Limited,FMCG,2026-09-04,11:00,2026-09-04 11:00:00,453.15,454.51,451.37,452.73,1185419
ITC,ITC Limited,FMCG,2026-09-04,11:30,2026-09-04 11:30:00,452.73,452.79,452.02,452.08,786442
ITC,ITC Limited,FMCG,2026-09-04,12:00,2026-09-04 12:00:00,452.08,454.25,449.41,451.58,1148613
ITC,ITC Limited,FMCG,2026-09-04,12:30,2026-09-04 12:30:00,451.58,451.99,451.4,451.81,866152
ITC,ITC Limited,FMCG,2026-09-04,13:00,2026-09-04 13:00:00,451.81,452.51,450.6,451.3,1049518
ITC,ITC Limited,FMCG,2026-09-04,13:30,2026-09-04 13:30:00,451.3,451.72,450.27,450.69,1282361
ITC,ITC Limited,FMCG,2026-09-04,14:00,2026-09-04 14:00:00,450.69,451.96,448.36,449.63,934634
ITC,ITC Limited,FMCG,2026-09-04,14:30,2026-09-04 14:30:00,449.63,451.13,446.6,448.09,1377922
ITC,ITC Limited,FMCG,2026-09-04,15:00,2026-09-04 15:00:00,448.09,448.5,446.98,447.39,1797614
ITC,ITC Limited,FMCG,2026-09-04,15:30,2026-09-04 15:30:00,447.39,450.47,445.72,448.81,1578778
ITC,ITC Limited,FMCG,2026-09-07,09:30,2026-09-07 09:30:00,449.41,449.58,448.29,448.46,2073606
ITC,ITC Limited,FMCG,2026-09-07,10:00,2026-09-07 10:00:00,448.46,448.82,448.05,448.41,1213724
ITC,ITC Limited,FMCG,2026-09-07,10:30,2026-09-07 10:30:00,448.41,448.91,447.55,448.05,1101478
ITC,ITC Limited,FMCG,2026-09-07,11:00,2026-09-07 11:00:00,448.05,450.79,446.61,449.35,1793618
ITC,ITC Limited,FMCG,2026-09-07,11:30,2026-09-07 11:30:00,449.35,452.29,447.21,450.14,1362400
ITC,ITC Limited,FMCG,2026-09-07,12:00,2026-09-07 12:00:00,450.14,450.72,448.91,449.49,906513
ITC,ITC Limited,FMCG,2026-09-07,12:30,2026-09-07 12:30:00,449.49,450.89,446.69,448.08,1907117
ITC,ITC Limited,FMCG,2026-09-07,13:00,2026-09-07 13:00:00,448.08,449.11,447.93,448.96,1341185
ITC,ITC Limited,FMCG,2026-09-07,13:30,2026-09-07 13:30:00,448.96,449.63,448.41,449.08,1268418
ITC,ITC Limited,FMCG,2026-09-07,14:00,2026-09-07 14:00:00,449.08,449.89,448.86,449.67,1407907
ITC,ITC Limited,FMCG,2026-09-07,14:30,2026-09-07 14:30:00,449.67,450.42,449.19,449.94,1433099
ITC,ITC Limited,FMCG,2026-09-07,15:00,2026-09-07 15:00:00,449.94,451.7,446.94,448.69,1354545
ITC,ITC Limited,FMCG,2026-09-07,15:30,2026-09-07 15:30:00,448.69,449.49,445.62,446.41,1982023
ITC,ITC Limited,FMCG,2026-09-08,09:30,2026-09-08 09:30:00,446.68,448.53,440.66,442.5,3348831
ITC,ITC Limited,FMCG,2026-09-08,10:00,2026-09-08 10:00:00,442.5,445.71,442.11,445.32,2437978
ITC,ITC Limited,FMCG,2026-09-08,10:30,2026-09-08 10:30:00,445.32,446.99,444.95,446.61,1996222
ITC,ITC Limited,FMCG,2026-09-08,11:00,2026-09-08 11:00:00,446.61,448.29,443.67,445.34,1876856
ITC,ITC Limited,FMCG,2026-09-08,11:30,2026-09-08 11:30:00,445.34,445.85,443.91,444.42,1778523
ITC,ITC Limited,FMCG,2026-09-08,12:00,2026-09-08 12:00:00,444.42,445.99,443.4,444.97,1288582
ITC,ITC Limited,FMCG,2026-09-08,12:30,2026-09-08 12:30:00,444.97,447.8,444.32,447.15,2210608
ITC,ITC Limited,FMCG,2026-09-08,13:00,2026-09-08 13:00:00,447.15,448.05,444.85,445.75,1104390
ITC,ITC Limited,FMCG,2026-09-08,13:30,2026-09-08 13:30:00,445.75,446.2,444.74,445.2,925071
ITC,ITC Limited,FMCG,2026-09-08,14:00,2026-09-08 14:00:00,445.2,445.85,445.1,445.76,1580236
ITC,ITC Limited,FMCG,2026-09-08,14:30,2026-09-08 14:30:00,445.76,445.95,444.18,444.37,1044554
ITC,ITC Limited,FMCG,2026-09-08,15:00,2026-09-08 15:00:00,444.37,445.73,444.13,445.49,1611959
ITC,ITC Limited,FMCG,2026-09-08,15:30,2026-09-08 15:30:00,445.49,448.05,444.4,446.97,1667101
ITC,ITC Limited,FMCG,2026-09-09,09:30,2026-09-09 09:30:00,447.36,449.37,447.12,449.14,3168753
ITC,ITC Limited,FMCG,2026-09-09,10:00,2026-09-09 10:00:00,449.14,451.06,448.44,450.35,1235470
ITC,ITC Limited,FMCG,2026-09-09,10:30,2026-09-09 10:30:00,450.35,451.0,449.32,449.97,1430364
ITC,ITC Limited,FMCG,2026-09-09,11:00,2026-09-09 11:00:00,449.97,450.0,449.8,449.83,1304216
ITC,ITC Limited,FMCG,2026-09-09,11:30,2026-09-09 11:30:00,449.83,451.95,448.68,450.8,992545
ITC,ITC Limited,FMCG,2026-09-09,12:00,2026-09-09 12:00:00,450.8,451.35,449.99,450.54,970083
ITC,ITC Limited,FMCG,2026-09-09,12:30,2026-09-09 12:30:00,450.54,453.18,449.44,452.07,1038134
ITC,ITC Limited,FMCG,2026-09-09,13:00,2026-09-09 13:00:00,452.07,454.41,451.53,453.87,1932426
ITC,ITC Limited,FMCG,2026-09-09,13:30,2026-09-09 13:30:00,453.87,457.21,452.23,455.56,1048195
ITC,ITC Limited,FMCG,2026-09-09,14:00,2026-09-09 14:00:00,455.56,456.63,455.26,456.32,1588013
ITC,ITC Limited,FMCG,2026-09-09,14:30,2026-09-09 14:30:00,456.32,458.27,455.45,457.4,1616814
ITC,ITC Limited,FMCG,2026-09-09,15:00,2026-09-09 15:00:00,457.4,458.13,455.37,456.1,1456908
ITC,ITC Limited,FMCG,2026-09-09,15:30,2026-09-09 15:30:00,456.1,456.42,452.58,452.89,2387402
ITC,ITC Limited,FMCG,2026-09-10,09:30,2026-09-10 09:30:00,450.88,452.66,446.04,447.8,2028600
ITC,ITC Limited,FMCG,2026-09-10,10:00,2026-09-10 10:00:00,447.8,448.85,447.36,448.41,1353186
ITC,ITC Limited,FMCG,2026-09-10,10:30,2026-09-10 10:30:00,448.41,449.93,446.89,448.41,1531460
ITC,ITC Limited,FMCG,2026-09-10,11:00,2026-09-10 11:00:00,448.41,451.53,448.21,451.34,1341142
ITC,ITC Limited,FMCG,2026-09-10,11:30,2026-09-10 11:30:00,451.34,452.04,449.8,450.5,1173237
ITC,ITC Limited,FMCG,2026-09-10,12:00,2026-09-10 12:00:00,450.5,454.01,448.47,451.96,1624898
ITC,ITC Limited,FMCG,2026-09-10,12:30,2026-09-10 12:30:00,451.96,452.9,449.02,449.95,1314997
ITC,ITC Limited,FMCG,2026-09-10,13:00,2026-09-10 13:00:00,449.95,451.13,449.51,450.68,1043304
ITC,ITC Limited,FMCG,2026-09-10,13:30,2026-09-10 13:30:00,450.68,450.8,450.42,450.53,1601216
ITC,ITC Limited,FMCG,2026-09-10,14:00,2026-09-10 14:00:00,450.53,451.82,450.32,451.6,1517728
ITC,ITC Limited,FMCG,2026-09-10,14:30,2026-09-10 14:30:00,451.6,453.09,449.45,450.94,1453985
ITC,ITC Limited,FMCG,2026-09-10,15:00,2026-09-10 15:00:00,450.94,451.69,450.32,451.06,749722
ITC,ITC Limited,FMCG,2026-09-10,15:30,2026-09-10 15:30:00,451.06,454.25,449.55,452.73,1829170
ITC,ITC Limited,FMCG,2026-09-11,09:30,2026-09-11 09:30:00,451.54,453.33,449.41,451.2,1319328
ITC,ITC Limited,FMCG,2026-09-11,10:00,2026-09-11 10:00:00,451.2,451.56,451.12,451.48,1637696
ITC,ITC Limited,FMCG,2026-09-11,10:30,2026-09-11 10:30:00,451.48,453.08,451.16,452.76,1514318
ITC,ITC Limited,FMCG,2026-09-11,11:00,2026-09-11 11:00:00,452.76,454.78,452.31,454.33,1662751
ITC,ITC Limited,FMCG,2026-09-11,11:30,2026-09-11 11:30:00,454.33,455.49,453.09,454.24,1589104
ITC,ITC Limited,FMCG,2026-09-11,12:00,2026-09-11 12:00:00,454.24,454.81,454.21,454.78,1587723
ITC,ITC Limited,FMCG,2026-09-11,12:30,2026-09-11 12:30:00,454.78,456.81,452.07,454.1,1236707
ITC,ITC Limited,FMCG,2026-09-11,13:00,2026-09-11 13:00:00,454.1,454.73,453.81,454.44,1523862
ITC,ITC Limited,FMCG,2026-09-11,13:30,2026-09-11 13:30:00,454.44,457.36,454.04,456.96,1387656
ITC,ITC Limited,FMCG,2026-09-11,14:00,2026-09-11 14:00:00,456.96,458.11,456.1,457.25,779769
ITC,ITC Limited,FMCG,2026-09-11,14:30,2026-09-11 14:30:00,457.25,458.4,454.42,455.57,2116884
ITC,ITC Limited,FMCG,2026-09-11,15:00,2026-09-11 15:00:00,455.57,456.7,455.01,456.14,1550736
ITC,ITC Limited,FMCG,2026-09-11,15:30,2026-09-11 15:30:00,456.14,458.4,455.57,457.83,1928624
ITC,ITC Limited,FMCG,2026-09-14,09:30,2026-09-14 09:30:00,457.72,459.65,457.12,459.06,2135629
ITC,ITC Limited,FMCG,2026-09-14,10:00,2026-09-14 10:00:00,459.06,460.72,457.51,459.18,748766
ITC,ITC Limited,FMCG,2026-09-14,10:30,2026-09-14 10:30:00,459.18,461.77,457.73,460.32,1249913
ITC,ITC Limited,FMCG,2026-09-14,11:00,2026-09-14 11:00:00,460.32,461.98,457.33,458.99,1754788
ITC,ITC Limited,FMCG,2026-09-14,11:30,2026-09-14 11:30:00,458.99,460.41,458.9,460.33,1220012
ITC,ITC Limited,FMCG,2026-09-14,12:00,2026-09-14 12:00:00,460.33,461.05,457.87,458.6,2089559
ITC,ITC Limited,FMCG,2026-09-14,12:30,2026-09-14 12:30:00,458.6,458.83,456.57,456.81,1812541
ITC,ITC Limited,FMCG,2026-09-14,13:00,2026-09-14 13:00:00,456.81,461.01,455.64,459.83,1912306
ITC,ITC Limited,FMCG,2026-09-14,13:30,2026-09-14 13:30:00,459.83,463.42,458.75,462.34,2222955
ITC,ITC Limited,FMCG,2026-09-14,14:00,2026-09-14 14:00:00,462.34,463.02,460.66,461.34,1055030
ITC,ITC Limited,FMCG,2026-09-14,14:30,2026-09-14 14:30:00,461.34,462.95,460.69,462.3,1425393
ITC,ITC Limited,FMCG,2026-09-14,15:00,2026-09-14 15:00:00,462.3,462.67,462.08,462.46,873449
ITC,ITC Limited,FMCG,2026-09-14,15:30,2026-09-14 15:30:00,462.46,463.68,459.78,461.0,2218440
ITC,ITC Limited,FMCG,2026-09-15,09:30,2026-09-15 09:30:00,463.26,466.43,458.8,461.96,3033233
ITC,ITC Limited,FMCG,2026-09-15,10:00,2026-09-15 10:00:00,461.96,463.73,459.78,461.55,989511
ITC,ITC Limited,FMCG,2026-09-15,10:30,2026-09-15 10:30:00,461.55,461.91,460.08,460.45,1439245
ITC,ITC Limited,FMCG,2026-09-15,11:00,2026-09-15 11:00:00,460.45,461.18,459.29,460.02,1548113
ITC,ITC Limited,FMCG,2026-09-15,11:30,2026-09-15 11:30:00,460.02,460.44,459.79,460.22,1051089
ITC,ITC Limited,FMCG,2026-09-15,12:00,2026-09-15 12:00:00,460.22,460.43,459.93,460.15,1154769
ITC,ITC Limited,FMCG,2026-09-15,12:30,2026-09-15 12:30:00,460.15,460.74,456.76,457.35,1128053
ITC,ITC Limited,FMCG,2026-09-15,13:00,2026-09-15 13:00:00,457.35,457.84,456.83,457.32,1279499
ITC,ITC Limited,FMCG,2026-09-15,13:30,2026-09-15 13:30:00,457.32,459.21,456.57,458.46,1545601
ITC,ITC Limited,FMCG,2026-09-15,14:00,2026-09-15 14:00:00,458.46,459.23,456.97,457.74,1186165
ITC,ITC Limited,FMCG,2026-09-15,14:30,2026-09-15 14:30:00,457.74,457.96,457.37,457.6,811150
ITC,ITC Limited,FMCG,2026-09-15,15:00,2026-09-15 15:00:00,457.6,457.89,456.91,457.2,1317006
ITC,ITC Limited,FMCG,2026-09-15,15:30,2026-09-15 15:30:00,457.2,459.67,454.59,457.05,1036164
ITC,ITC Limited,FMCG,2026-09-16,09:30,2026-09-16 09:30:00,459.68,459.85,458.36,458.54,2934445
ITC,ITC Limited,FMCG,2026-09-16,10:00,2026-09-16 10:00:00,458.54,458.69,457.62,457.77,1249122
ITC,ITC Limited,FMCG,2026-09-16,10:30,2026-09-16 10:30:00,457.77,458.88,457.69,458.79,1343208
ITC,ITC Limited,FMCG,2026-09-16,11:00,2026-09-16 11:00:00,458.79,459.59,458.37,459.16,1058642
ITC,ITC Limited,FMCG,2026-09-16,11:30,2026-09-16 11:30:00,459.16,459.41,457.45,457.7,1961426
ITC,ITC Limited,FMCG,2026-09-16,12:00,2026-09-16 12:00:00,457.7,457.78,457.1,457.18,858795
ITC,ITC Limited,FMCG,2026-09-16,12:30,2026-09-16 12:30:00,457.18,457.99,456.88,457.68,978382
ITC,ITC Limited,FMCG,2026-09-16,13:00,2026-09-16 13:00:00,457.68,460.83,456.96,460.11,1175697
ITC,ITC Limited,FMCG,2026-09-16,13:30,2026-09-16 13:30:00,460.11,460.89,459.54,460.32,1421349
ITC,ITC Limited,FMCG,2026-09-16,14:00,2026-09-16 14:00:00,460.32,462.77,459.93,462.38,1776912
ITC,ITC Limited,FMCG,2026-09-16,14:30,2026-09-16 14:30:00,462.38,463.3,462.12,463.04,907817
ITC,ITC Limited,FMCG,2026-09-16,15:00,2026-09-16 15:00:00,463.04,463.98,460.93,461.86,1816559
ITC,ITC Limited,FMCG,2026-09-16,15:30,2026-09-16 15:30:00,461.86,463.02,458.09,459.23,1725061
ITC,ITC Limited,FMCG,2026-09-17,09:30,2026-09-17 09:30:00,459.84,461.1,459.27,460.53,1550228
ITC,ITC Limited,FMCG,2026-09-17,10:00,2026-09-17 10:00:00,460.53,462.09,459.98,461.53,1243412
ITC,ITC Limited,FMCG,2026-09-17,10:30,2026-09-17 10:30:00,461.53,463.55,460.39,462.4,1003434
ITC,ITC Limited,FMCG,2026-09-17,11:00,2026-09-17 11:00:00,462.4,465.18,461.79,464.56,1871108
ITC,ITC Limited,FMCG,2026-09-17,11:30,2026-09-17 11:30:00,464.56,466.01,463.51,464.96,1577575
ITC,ITC Limited,FMCG,2026-09-17,12:00,2026-09-17 12:00:00,464.96,464.97,463.97,463.98,885829
ITC,ITC Limited,FMCG,2026-09-17,12:30,2026-09-17 12:30:00,463.98,464.2,462.95,463.17,957987
ITC,ITC Limited,FMCG,2026-09-17,13:00,2026-09-17 13:00:00,463.17,464.43,461.76,463.03,1256224
ITC,ITC Limited,FMCG,2026-09-17,13:30,2026-09-17 13:30:00,463.03,464.76,461.92,463.65,804802
ITC,ITC Limited,FMCG,2026-09-17,14:00,2026-09-17 14:00:00,463.65,466.39,462.18,464.91,1665705
ITC,ITC Limited,FMCG,2026-09-17,14:30,2026-09-17 14:30:00,464.91,466.48,464.54,466.11,1088945
ITC,ITC Limited,FMCG,2026-09-17,15:00,2026-09-17 15:00:00,466.11,466.63,465.24,465.75,889157
ITC,ITC Limited,FMCG,2026-09-17,15:30,2026-09-17 15:30:00,465.75,465.96,465.42,465.62,2124147
ITC,ITC Limited,FMCG,2026-09-18,09:30,2026-09-18 09:30:00,467.12,467.75,466.98,467.61,1904902
ITC,ITC Limited,FMCG,2026-09-18,10:00,2026-09-18 10:00:00,467.61,468.12,465.99,466.5,1852928
ITC,ITC Limited,FMCG,2026-09-18,10:30,2026-09-18 10:30:00,466.5,467.74,463.2,464.42,1737130
ITC,ITC Limited,FMCG,2026-09-18,11:00,2026-09-18 11:00:00,464.42,464.77,462.84,463.19,1406894
ITC,ITC Limited,FMCG,2026-09-18,11:30,2026-09-18 11:30:00,463.19,463.2,462.8,462.8,1659371
ITC,ITC Limited,FMCG,2026-09-18,12:00,2026-09-18 12:00:00,462.8,462.94,462.25,462.39,1308545
ITC,ITC Limited,FMCG,2026-09-18,12:30,2026-09-18 12:30:00,462.39,463.66,460.62,461.89,978564
ITC,ITC Limited,FMCG,2026-09-18,13:00,2026-09-18 13:00:00,461.89,462.66,460.27,461.04,1154906
ITC,ITC Limited,FMCG,2026-09-18,13:30,2026-09-18 13:30:00,461.04,461.68,458.82,459.46,1052590
ITC,ITC Limited,FMCG,2026-09-18,14:00,2026-09-18 14:00:00,459.46,462.45,458.17,461.16,1956054
ITC,ITC Limited,FMCG,2026-09-18,14:30,2026-09-18 14:30:00,461.16,464.9,459.32,463.05,2161244
ITC,ITC Limited,FMCG,2026-09-18,15:00,2026-09-18 15:00:00,463.05,463.3,462.69,462.95,1078435
ITC,ITC Limited,FMCG,2026-09-18,15:30,2026-09-18 15:30:00,462.95,467.38,462.71,467.14,2215499
ITC,ITC Limited,FMCG,2026-09-21,09:30,2026-09-21 09:30:00,467.0,468.03,466.01,467.04,1260334
ITC,ITC Limited,FMCG,2026-09-21,10:00,2026-09-21 10:00:00,467.04,469.53,466.8,469.29,1444603
ITC,ITC Limited,FMCG,2026-09-21,10:30,2026-09-21 10:30:00,469.29,469.97,466.11,466.79,1241795
ITC,ITC Limited,FMCG,2026-09-21,11:00,2026-09-21 11:00:00,466.79,469.23,466.46,468.9,2158205
ITC,ITC Limited,FMCG,2026-09-21,11:30,2026-09-21 11:30:00,468.9,469.41,468.4,468.91,1182556
ITC,ITC Limited,FMCG,2026-09-21,12:00,2026-09-21 12:00:00,468.91,471.03,467.16,469.28,1049969
ITC,ITC Limited,FMCG,2026-09-21,12:30,2026-09-21 12:30:00,469.28,471.32,467.98,470.02,805777
ITC,ITC Limited,FMCG,2026-09-21,13:00,2026-09-21 13:00:00,470.02,471.15,469.92,471.06,1302170
ITC,ITC Limited,FMCG,2026-09-21,13:30,2026-09-21 13:30:00,471.06,471.38,470.14,470.46,1573275
ITC,ITC Limited,FMCG,2026-09-21,14:00,2026-09-21 14:00:00,470.46,471.84,468.94,470.32,997809
ITC,ITC Limited,FMCG,2026-09-21,14:30,2026-09-21 14:30:00,470.32,470.46,468.81,468.95,1544289
ITC,ITC Limited,FMCG,2026-09-21,15:00,2026-09-21 15:00:00,468.95,469.52,468.44,469.01,1146138
ITC,ITC Limited,FMCG,2026-09-21,15:30,2026-09-21 15:30:00,469.01,469.07,466.75,466.82,2433034
TATAMOTORS,Tata Motors,Automobile,2026-09-04,09:30,2026-09-04 09:30:00,985.75,989.41,984.97,988.63,1679606
TATAMOTORS,Tata Motors,Automobile,2026-09-04,10:00,2026-09-04 10:00:00,988.63,995.76,984.52,991.64,2069014
TATAMOTORS,Tata Motors,Automobile,2026-09-04,10:30,2026-09-04 10:30:00,991.64,1006.12,987.15,1001.58,3084814
TATAMOTORS,Tata Motors,Automobile,2026-09-04,11:00,2026-09-04 11:00:00,1001.58,1006.41,989.58,994.37,2395780
TATAMOTORS,Tata Motors,Automobile,2026-09-04,11:30,2026-09-04 11:30:00,994.37,1003.17,990.68,999.45,1977025
TATAMOTORS,Tata Motors,Automobile,2026-09-04,12:00,2026-09-04 12:00:00,999.45,1000.19,985.67,986.4,3686969
TATAMOTORS,Tata Motors,Automobile,2026-09-04,12:30,2026-09-04 12:30:00,986.4,993.62,973.09,980.26,1774565
TATAMOTORS,Tata Motors,Automobile,2026-09-04,13:00,2026-09-04 13:00:00,980.26,981.9,972.94,974.56,2473395
TATAMOTORS,Tata Motors,Automobile,2026-09-04,13:30,2026-09-04 13:30:00,974.56,978.26,968.25,971.94,1576553
TATAMOTORS,Tata Motors,Automobile,2026-09-04,14:00,2026-09-04 14:00:00,971.94,973.77,960.01,961.82,1489448
TATAMOTORS,Tata Motors,Automobile,2026-09-04,14:30,2026-09-04 14:30:00,961.82,967.21,953.73,959.1,1507571
TATAMOTORS,Tata Motors,Automobile,2026-09-04,15:00,2026-09-04 15:00:00,959.1,977.33,954.27,972.43,2006742
TATAMOTORS,Tata Motors,Automobile,2026-09-04,15:30,2026-09-04 15:30:00,972.43,975.79,964.08,967.43,1597610
TATAMOTORS,Tata Motors,Automobile,2026-09-07,09:30,2026-09-07 09:30:00,954.89,956.22,942.48,943.8,4670836
TATAMOTORS,Tata Motors,Automobile,2026-09-07,10:00,2026-09-07 10:00:00,943.8,944.73,935.36,936.28,2537632
TATAMOTORS,Tata Motors,Automobile,2026-09-07,10:30,2026-09-07 10:30:00,936.28,941.82,934.58,940.11,2079914
TATAMOTORS,Tata Motors,Automobile,2026-09-07,11:00,2026-09-07 11:00:00,940.11,940.71,936.04,936.63,1813861
TATAMOTORS,Tata Motors,Automobile,2026-09-07,11:30,2026-09-07 11:30:00,936.63,937.2,935.79,936.36,1309338
TATAMOTORS,Tata Motors,Automobile,2026-09-07,12:00,2026-09-07 12:00:00,936.36,942.56,926.31,932.49,1040976
TATAMOTORS,Tata Motors,Automobile,2026-09-07,12:30,2026-09-07 12:30:00,932.49,936.49,930.87,934.87,1355162
TATAMOTORS,Tata Motors,Automobile,2026-09-07,13:00,2026-09-07 13:00:00,934.87,938.55,928.3,931.97,1653626
TATAMOTORS,Tata Motors,Automobile,2026-09-07,13:30,2026-09-07 13:30:00,931.97,932.99,928.55,929.57,1134986
TATAMOTORS,Tata Motors,Automobile,2026-09-07,14:00,2026-09-07 14:00:00,929.57,930.13,920.06,920.61,3278621
TATAMOTORS,Tata Motors,Automobile,2026-09-07,14:30,2026-09-07 14:30:00,920.61,925.23,920.26,924.88,2378501
TATAMOTORS,Tata Motors,Automobile,2026-09-07,15:00,2026-09-07 15:00:00,924.88,937.21,916.0,928.3,2112284
TATAMOTORS,Tata Motors,Automobile,2026-09-07,15:30,2026-09-07 15:30:00,928.3,930.57,916.29,918.54,4134866
TATAMOTORS,Tata Motors,Automobile,2026-09-08,09:30,2026-09-08 09:30:00,897.05,897.12,897.05,897.12,1863532
TATAMOTORS,Tata Motors,Automobile,2026-09-08,10:00,2026-09-08 10:00:00,897.12,898.05,891.21,892.13,1270200
TATAMOTORS,Tata Motors,Automobile,2026-09-08,10:30,2026-09-08 10:30:00,892.13,897.56,883.59,889.01,1574332
TATAMOTORS,Tata Motors,Automobile,2026-09-08,11:00,2026-09-08 11:00:00,889.01,892.45,880.2,883.62,1370618
TATAMOTORS,Tata Motors,Automobile,2026-09-08,11:30,2026-09-08 11:30:00,883.62,884.73,881.11,882.21,932968
TATAMOTORS,Tata Motors,Automobile,2026-09-08,12:00,2026-09-08 12:00:00,882.21,884.68,879.91,882.38,1354254
TATAMOTORS,Tata Motors,Automobile,2026-09-08,12:30,2026-09-08 12:30:00,882.38,886.02,873.27,876.89,1643372
TATAMOTORS,Tata Motors,Automobile,2026-09-08,13:00,2026-09-08 13:00:00,876.89,879.79,868.5,871.38,2375967
TATAMOTORS,Tata Motors,Automobile,2026-09-08,13:30,2026-09-08 13:30:00,871.38,872.55,867.06,868.23,1523187
TATAMOTORS,Tata Motors,Automobile,2026-09-08,14:00,2026-09-08 14:00:00,868.23,870.55,849.24,851.52,4682829
TATAMOTORS,Tata Motors,Automobile,2026-09-08,14:30,2026-09-08 14:30:00,851.52,859.4,850.08,857.95,2164625
TATAMOTORS,Tata Motors,Automobile,2026-09-08,15:00,2026-09-08 15:00:00,857.95,859.11,851.94,853.1,2227529
TATAMOTORS,Tata Motors,Automobile,2026-09-08,15:30,2026-09-08 15:30:00,853.1,859.63,833.23,839.67,2467864
TATAMOTORS,Tata Motors,Automobile,2026-09-09,09:30,2026-09-09 09:30:00,843.98,848.29,838.47,842.78,2494726
TATAMOTORS,Tata Motors,Automobile,2026-09-09,10:00,2026-09-09 10:00:00,842.78,845.63,842.04,844.9,1779475
TATAMOTORS,Tata Motors,Automobile,2026-09-09,10:30,2026-09-09 10:30:00,844.9,846.67,842.37,844.15,1391531
TATAMOTORS,Tata Motors,Automobile,2026-09-09,11:00,2026-09-09 11:00:00,844.15,848.84,833.6,838.27,1696395
TATAMOTORS,Tata Motors,Automobile,2026-09-09,11:30,2026-09-09 11:30:00,838.27,845.34,835.63,842.68,1784662
TATAMOTORS,Tata Motors,Automobile,2026-09-09,12:00,2026-09-09 12:00:00,842.68,845.24,835.55,838.1,2419486
TATAMOTORS,Tata Motors,Automobile,2026-09-09,12:30,2026-09-09 12:30:00,838.1,842.73,836.74,841.37,1364223
TATAMOTORS,Tata Motors,Automobile,2026-09-09,13:00,2026-09-09 13:00:00,841.37,843.54,834.86,837.01,1904879
TATAMOTORS,Tata Motors,Automobile,2026-09-09,13:30,2026-09-09 13:30:00,837.01,845.23,835.37,843.57,1668341
TATAMOTORS,Tata Motors,Automobile,2026-09-09,14:00,2026-09-09 14:00:00,843.57,846.78,834.07,837.25,2410566
TATAMOTORS,Tata Motors,Automobile,2026-09-09,14:30,2026-09-09 14:30:00,837.25,852.46,827.61,842.76,2079748
TATAMOTORS,Tata Motors,Automobile,2026-09-09,15:00,2026-09-09 15:00:00,842.76,846.17,828.13,831.5,1672587
TATAMOTORS,Tata Motors,Automobile,2026-09-09,15:30,2026-09-09 15:30:00,831.5,842.99,823.71,835.16,2639495
TATAMOTORS,Tata Motors,Automobile,2026-09-10,09:30,2026-09-10 09:30:00,825.7,839.12,808.45,821.8,2379799
TATAMOTORS,Tata Motors,Automobile,2026-09-10,10:00,2026-09-10 10:00:00,821.8,824.3,817.36,819.85,1687685
TATAMOTORS,Tata Motors,Automobile,2026-09-10,10:30,2026-09-10 10:30:00,819.85,825.65,808.42,814.18,1760940
TATAMOTORS,Tata Motors,Automobile,2026-09-10,11:00,2026-09-10 11:00:00,814.18,814.89,810.06,810.77,1817557
TATAMOTORS,Tata Motors,Automobile,2026-09-10,11:30,2026-09-10 11:30:00,810.77,813.38,797.52,800.1,2836512
TATAMOTORS,Tata Motors,Automobile,2026-09-10,12:00,2026-09-10 12:00:00,800.1,806.83,789.28,795.98,1990969
TATAMOTORS,Tata Motors,Automobile,2026-09-10,12:30,2026-09-10 12:30:00,795.98,797.54,794.7,796.26,1750736
TATAMOTORS,Tata Motors,Automobile,2026-09-10,13:00,2026-09-10 13:00:00,796.26,798.89,786.02,788.63,2852456
TATAMOTORS,Tata Motors,Automobile,2026-09-10,13:30,2026-09-10 13:30:00,788.63,794.31,776.36,782.0,1637830
TATAMOTORS,Tata Motors,Automobile,2026-09-10,14:00,2026-09-10 14:00:00,782.0,790.74,776.01,784.74,1654977
TATAMOTORS,Tata Motors,Automobile,2026-09-10,14:30,2026-09-10 14:30:00,784.74,784.83,779.31,779.4,2414262
TATAMOTORS,Tata Motors,Automobile,2026-09-10,15:00,2026-09-10 15:00:00,779.4,779.73,777.34,777.67,1894177
TATAMOTORS,Tata Motors,Automobile,2026-09-10,15:30,2026-09-10 15:30:00,777.67,783.29,771.34,776.95,1648288
TATAMOTORS,Tata Motors,Automobile,2026-09-11,09:30,2026-09-11 09:30:00,771.24,774.11,762.87,765.72,2960258
TATAMOTORS,Tata Motors,Automobile,2026-09-11,10:00,2026-09-11 10:00:00,765.72,766.29,760.25,760.82,1217462
TATAMOTORS,Tata Motors,Automobile,2026-09-11,10:30,2026-09-11 10:30:00,760.82,763.36,748.0,750.5,2487662
TATAMOTORS,Tata Motors,Automobile,2026-09-11,11:00,2026-09-11 11:00:00,750.5,753.1,746.48,749.06,2040868
TATAMOTORS,Tata Motors,Automobile,2026-09-11,11:30,2026-09-11 11:30:00,749.06,750.7,739.75,741.36,2581222
TATAMOTORS,Tata Motors,Automobile,2026-09-11,12:00,2026-09-11 12:00:00,741.36,745.65,738.38,742.66,1609923
TATAMOTORS,Tata Motors,Automobile,2026-09-11,12:30,2026-09-11 12:30:00,742.66,744.46,734.85,736.63,2252046
TATAMOTORS,Tata Motors,Automobile,2026-09-11,13:00,2026-09-11 13:00:00,736.63,739.93,736.0,739.3,2162105
TATAMOTORS,Tata Motors,Automobile,2026-09-11,13:30,2026-09-11 13:30:00,739.3,740.68,732.64,734.01,2700201
TATAMOTORS,Tata Motors,Automobile,2026-09-11,14:00,2026-09-11 14:00:00,734.01,740.75,730.07,736.8,1551973
TATAMOTORS,Tata Motors,Automobile,2026-09-11,14:30,2026-09-11 14:30:00,736.8,740.97,731.32,735.49,1317634
TATAMOTORS,Tata Motors,Automobile,2026-09-11,15:00,2026-09-11 15:00:00,735.49,736.1,733.88,734.49,1139804
TATAMOTORS,Tata Motors,Automobile,2026-09-11,15:30,2026-09-11 15:30:00,734.49,747.16,732.15,744.79,2626719
TATAMOTORS,Tata Motors,Automobile,2026-09-14,09:30,2026-09-14 09:30:00,733.31,742.19,733.13,742.01,3855459
TATAMOTORS,Tata Motors,Automobile,2026-09-14,10:00,2026-09-14 10:00:00,742.01,744.13,736.45,738.57,2285561
TATAMOTORS,Tata Motors,Automobile,2026-09-14,10:30,2026-09-14 10:30:00,738.57,738.69,736.84,736.96,1610026
TATAMOTORS,Tata Motors,Automobile,2026-09-14,11:00,2026-09-14 11:00:00,736.96,737.31,733.48,733.83,1244714
TATAMOTORS,Tata Motors,Automobile,2026-09-14,11:30,2026-09-14 11:30:00,733.83,734.66,733.12,733.95,773798
TATAMOTORS,Tata Motors,Automobile,2026-09-14,12:00,2026-09-14 12:00:00,733.95,736.52,733.51,736.08,1399398
TATAMOTORS,Tata Motors,Automobile,2026-09-14,12:30,2026-09-14 12:30:00,736.08,737.7,732.67,734.29,1541989
TATAMOTORS,Tata Motors,Automobile,2026-09-14,13:00,2026-09-14 13:00:00,734.29,737.04,733.39,736.13,2047271
TATAMOTORS,Tata Motors,Automobile,2026-09-14,13:30,2026-09-14 13:30:00,736.13,739.11,735.59,738.57,2112623
TATAMOTORS,Tata Motors,Automobile,2026-09-14,14:00,2026-09-14 14:00:00,738.57,742.95,734.93,739.31,1863637
TATAMOTORS,Tata Motors,Automobile,2026-09-14,14:30,2026-09-14 14:30:00,739.31,742.25,738.28,741.21,1545676
TATAMOTORS,Tata Motors,Automobile,2026-09-14,15:00,2026-09-14 15:00:00,741.21,746.4,738.68,743.86,1837767
TATAMOTORS,Tata Motors,Automobile,2026-09-14,15:30,2026-09-14 15:30:00,743.86,747.41,742.77,746.31,1910695
TATAMOTORS,Tata Motors,Automobile,2026-09-15,09:30,2026-09-15 09:30:00,745.56,757.75,744.01,756.19,4713801
TATAMOTORS,Tata Motors,Automobile,2026-09-15,10:00,2026-09-15 10:00:00,756.19,757.38,747.18,748.36,1527748
TATAMOTORS,Tata Motors,Automobile,2026-09-15,10:30,2026-09-15 10:30:00,748.36,757.28,746.16,755.06,2547035
TATAMOTORS,Tata Motors,Automobile,2026-09-15,11:00,2026-09-15 11:00:00,755.06,761.4,751.19,757.51,1177813
TATAMOTORS,Tata Motors,Automobile,2026-09-15,11:30,2026-09-15 11:30:00,757.51,766.13,753.67,762.26,1336723
TATAMOTORS,Tata Motors,Automobile,2026-09-15,12:00,2026-09-15 12:00:00,762.26,764.49,761.0,763.23,1672619
TATAMOTORS,Tata Motors,Automobile,2026-09-15,12:30,2026-09-15 12:30:00,763.23,764.58,755.02,756.36,2630943
TATAMOTORS,Tata Motors,Automobile,2026-09-15,13:00,2026-09-15 13:00:00,756.36,758.25,748.12,750.0,2618884
TATAMOTORS,Tata Motors,Automobile,2026-09-15,13:30,2026-09-15 13:30:00,750.0,752.99,748.7,751.7,1487249
TATAMOTORS,Tata Motors,Automobile,2026-09-15,14:00,2026-09-15 14:00:00,751.7,752.08,749.66,750.04,1582413
TATAMOTORS,Tata Motors,Automobile,2026-09-15,14:30,2026-09-15 14:30:00,750.04,759.43,748.99,758.37,2588198
TATAMOTORS,Tata Motors,Automobile,2026-09-15,15:00,2026-09-15 15:00:00,758.37,760.46,755.71,757.8,1876001
TATAMOTORS,Tata Motors,Automobile,2026-09-15,15:30,2026-09-15 15:30:00,757.8,765.61,750.49,758.29,1178422
TATAMOTORS,Tata Motors,Automobile,2026-09-16,09:30,2026-09-16 09:30:00,759.31,768.54,741.55,750.68,3797198
TATAMOTORS,Tata Motors,Automobile,2026-09-16,10:00,2026-09-16 10:00:00,750.68,752.53,747.77,749.62,1795705
TATAMOTORS,Tata Motors,Automobile,2026-09-16,10:30,2026-09-16 10:30:00,749.62,755.14,740.74,746.23,1379338
TATAMOTORS,Tata Motors,Automobile,2026-09-16,11:00,2026-09-16 11:00:00,746.23,747.15,742.58,743.5,1016246
TATAMOTORS,Tata Motors,Automobile,2026-09-16,11:30,2026-09-16 11:30:00,743.5,752.46,740.18,749.12,2104926
TATAMOTORS,Tata Motors,Automobile,2026-09-16,12:00,2026-09-16 12:00:00,749.12,753.12,749.07,753.07,1458407
TATAMOTORS,Tata Motors,Automobile,2026-09-16,12:30,2026-09-16 12:30:00,753.07,756.16,745.51,748.59,1183441
TATAMOTORS,Tata Motors,Automobile,2026-09-16,13:00,2026-09-16 13:00:00,748.59,757.52,744.23,753.14,1391501
TATAMOTORS,Tata Motors,Automobile,2026-09-16,13:30,2026-09-16 13:30:00,753.14,753.7,752.2,752.76,1578148
TATAMOTORS,Tata Motors,Automobile,2026-09-16,14:00,2026-09-16 14:00:00,752.76,755.7,750.1,753.04,1006983
TATAMOTORS,Tata Motors,Automobile,2026-09-16,14:30,2026-09-16 14:30:00,753.04,761.66,752.54,761.16,2314222
TATAMOTORS,Tata Motors,Automobile,2026-09-16,15:00,2026-09-16 15:00:00,761.16,765.71,760.88,765.44,2285500
TATAMOTORS,Tata Motors,Automobile,2026-09-16,15:30,2026-09-16 15:30:00,765.44,772.24,761.57,768.36,2242544
TATAMOTORS,Tata Motors,Automobile,2026-09-17,09:30,2026-09-17 09:30:00,763.12,774.1,759.04,769.98,4926086
TATAMOTORS,Tata Motors,Automobile,2026-09-17,10:00,2026-09-17 10:00:00,769.98,780.57,767.61,778.18,2632907
TATAMOTORS,Tata Motors,Automobile,2026-09-17,10:30,2026-09-17 10:30:00,778.18,796.64,771.76,790.12,3658677
TATAMOTORS,Tata Motors,Automobile,2026-09-17,11:00,2026-09-17 11:00:00,790.12,797.62,782.51,790.02,1426137
TATAMOTORS,Tata Motors,Automobile,2026-09-17,11:30,2026-09-17 11:30:00,790.02,790.22,782.31,782.51,2405333
TATAMOTORS,Tata Motors,Automobile,2026-09-17,12:00,2026-09-17 12:00:00,782.51,784.35,775.06,776.88,2171206
TATAMOTORS,Tata Motors,Automobile,2026-09-17,12:30,2026-09-17 12:30:00,776.88,780.5,773.47,777.09,1091490
TATAMOTORS,Tata Motors,Automobile,2026-09-17,13:00,2026-09-17 13:00:00,777.09,778.21,772.15,773.26,2323888
TATAMOTORS,Tata Motors,Automobile,2026-09-17,13:30,2026-09-17 13:30:00,773.26,775.91,766.91,769.55,2152808
TATAMOTORS,Tata Motors,Automobile,2026-09-17,14:00,2026-09-17 14:00:00,769.55,783.55,765.74,779.69,3219810
TATAMOTORS,Tata Motors,Automobile,2026-09-17,14:30,2026-09-17 14:30:00,779.69,782.18,778.32,780.82,1809438
TATAMOTORS,Tata Motors,Automobile,2026-09-17,15:00,2026-09-17 15:00:00,780.82,784.77,779.74,783.69,2158659
TATAMOTORS,Tata Motors,Automobile,2026-09-17,15:30,2026-09-17 15:30:00,783.69,795.77,770.46,782.52,2314129
TATAMOTORS,Tata Motors,Automobile,2026-09-18,09:30,2026-09-18 09:30:00,785.4,798.27,779.12,791.93,4136364
TATAMOTORS,Tata Motors,Automobile,2026-09-18,10:00,2026-09-18 10:00:00,791.93,794.53,784.75,787.32,1311839
TATAMOTORS,Tata Motors,Automobile,2026-09-18,10:30,2026-09-18 10:30:00,787.32,792.03,787.32,792.03,2523630
TATAMOTORS,Tata Motors,Automobile,2026-09-18,11:00,2026-09-18 11:00:00,792.03,800.34,791.26,799.57,3169060
TATAMOTORS,Tata Motors,Automobile,2026-09-18,11:30,2026-09-18 11:30:00,799.57,799.7,793.62,793.75,1485660
TATAMOTORS,Tata Motors,Automobile,2026-09-18,12:00,2026-09-18 12:00:00,793.75,796.7,792.12,795.06,1271861
TATAMOTORS,Tata Motors,Automobile,2026-09-18,12:30,2026-09-18 12:30:00,795.06,795.28,787.41,787.62,3124780
TATAMOTORS,Tata Motors,Automobile,2026-09-18,13:00,2026-09-18 13:00:00,787.62,790.98,778.65,781.99,2132723
TATAMOTORS,Tata Motors,Automobile,2026-09-18,13:30,2026-09-18 13:30:00,781.99,787.4,776.4,781.81,1696864
TATAMOTORS,Tata Motors,Automobile,2026-09-18,14:00,2026-09-18 14:00:00,781.81,784.76,776.81,779.76,1465333
TATAMOTORS,Tata Motors,Automobile,2026-09-18,14:30,2026-09-18 14:30:00,779.76,780.39,774.06,774.69,1294306
TATAMOTORS,Tata Motors,Automobile,2026-09-18,15:00,2026-09-18 15:00:00,774.69,780.64,766.81,772.75,1216862
TATAMOTORS,Tata Motors,Automobile,2026-09-18,15:30,2026-09-18 15:30:00,772.75,776.93,770.29,774.47,1394046
TATAMOTORS,Tata Motors,Automobile,2026-09-21,09:30,2026-09-21 09:30:00,782.69,785.19,766.23,768.68,6825934
TATAMOTORS,Tata Motors,Automobile,2026-09-21,10:00,2026-09-21 10:00:00,768.68,773.18,762.71,767.2,1605807
TATAMOTORS,Tata Motors,Automobile,2026-09-21,10:30,2026-09-21 10:30:00,767.2,768.91,767.07,768.78,1702768
TATAMOTORS,Tata Motors,Automobile,2026-09-21,11:00,2026-09-21 11:00:00,768.78,776.16,759.97,767.34,1101777
TATAMOTORS,Tata Motors,Automobile,2026-09-21,11:30,2026-09-21 11:30:00,767.34,777.39,760.98,771.0,1215128
TATAMOTORS,Tata Motors,Automobile,2026-09-21,12:00,2026-09-21 12:00:00,771.0,781.97,764.33,775.27,2553179
TATAMOTORS,Tata Motors,Automobile,2026-09-21,12:30,2026-09-21 12:30:00,775.27,783.91,774.36,782.99,3073842
TATAMOTORS,Tata Motors,Automobile,2026-09-21,13:00,2026-09-21 13:00:00,782.99,792.54,782.32,791.87,2810243
TATAMOTORS,Tata Motors,Automobile,2026-09-21,13:30,2026-09-21 13:30:00,791.87,792.96,788.72,789.81,1387404
TATAMOTORS,Tata Motors,Automobile,2026-09-21,14:00,2026-09-21 14:00:00,789.81,790.65,781.95,782.79,2521145
TATAMOTORS,Tata Motors,Automobile,2026-09-21,14:30,2026-09-21 14:30:00,782.79,786.99,773.1,777.27,2156449
TATAMOTORS,Tata Motors,Automobile,2026-09-21,15:00,2026-09-21 15:00:00,777.27,781.7,768.38,772.79,1947726
TATAMOTORS,Tata Motors,Automobile,2026-09-21,15:30,2026-09-21 15:30:00,772.79,782.58,769.84,779.61,3644934
SUNPHARMA,Sun Pharmaceutical,Pharmaceuticals,2026-09-04,09:30,2026-09-04 09:30:00,1742.4,1753.36,1734.29,1745.24,228381
SUNPHARMA,Sun Pharmaceutical,Pharmaceuticals,2026-09-04,10:00,2026-09-04 10:00:00,1745.24,1761.45,1738.79,1754.97,207162
SUNPHARMA,Sun Pharmaceutical,Pharmaceuticals,2026-09-04,10:30,2026-09-04 10:30:00,1754.97,1764.83,1752.47,1762.32,341647
SUNPHARMA,Sun Pharmaceutical,Pharmaceuticals,2026-09-04,11:00,2026-09-04 11:00:00,1762.32,1765.73,1761.4,1764.81,230688
SUNPHARMA,Sun Pharmaceutical,Pharmaceuticals,2026-09-04,11:30,2026-09-04 11:30:00,1764.81,1767.07,1749.94,1752.19,198542
SUNPHARMA,Sun Pharmaceutical,Pharmaceuticals,2026-09-04,12:00,2026-09-04 12:00:00,1752.19,1760.74,1744.66,1753.21,152913
SUNPHARMA,Sun Pharmaceutical,Pharmaceuticals,2026-09-04,12:30,2026-09-04 12:30:00,1753.21,1754.8,1746.4,1747.99,215109
SUNPHARMA,Sun Pharmaceutical,Pharmaceuticals,2026-09-04,13:00,2026-09-04 13:00:00,1747.99,1759.25,1743.72,1754.97,299721
SUNPHARMA,Sun Pharmaceutical,Pharmaceuticals,2026-09-04,13:30,2026-09-04 13:30:00,1754.97,1768.13,1752.58,1765.72,179457
SUNPHARMA,Sun Pharmaceutical,Pharmaceuticals,2026-09-04,14:00,2026-09-04 14:00:00,1765.72,1767.11,1756.61,1758.0,197020
SUNPHARMA,Sun Pharmaceutical,Pharmaceuticals,2026-09-04,14:30,2026-09-04 14:30:00,1758.0,1760.8,1753.09,1755.88,148239
SUNPHARMA,Sun Pharmaceutical,Pharmaceuticals,2026-09-04,15:00,2026-09-04 15:00:00,1755.88,1757.47,1752.64,1754.23,155109
SUNPHARMA,Sun Pharmaceutical,Pharmaceuticals,2026-09-04,15:30,2026-09-04 15:30:00,1754.23,1760.04,1737.82,1743.59,477882
SUNPHARMA,Sun Pharmaceutical,Pharmaceuticals,2026-09-07,09:30,2026-09-07 09:30:00,1755.15,1765.45,1752.5,1762.79,336153
SUNPHARMA,Sun Pharmaceutical,Pharmaceuticals,2026-09-07,10:00,2026-09-07 10:00:00,1762.79,1762.96,1759.65,1759.82,283009
SUNPHARMA,Sun Pharmaceutical,Pharmaceuticals,2026-09-07,10:30,2026-09-07 10:30:00,1759.82,1763.24,1746.68,1750.09,192035
SUNPHARMA,Sun Pharmaceutical,Pharmaceuticals,2026-09-07,11:00,2026-09-07 11:00:00,1750.09,1750.62,1740.62,1741.15,367168
SUNPHARMA,Sun Pharmaceutical,Pharmaceuticals,2026-09-07,11:30,2026-09-07 11:30:00,1741.15,1746.06,1738.31,1743.21,272472
SUNPHARMA,Sun Pharmaceutical,Pharmaceuticals,2026-09-07,12:00,2026-09-07 12:00:00,1743.21,1748.95,1738.09,1743.84,207651
SUNPHARMA,Sun Pharmaceutical,Pharmaceuticals,2026-09-07,12:30,2026-09-07 12:30:00,1743.84,1748.12,1741.23,1745.51,216716
SUNPHARMA,Sun Pharmaceutical,Pharmaceuticals,2026-09-07,13:00,2026-09-07 13:00:00,1745.51,1752.9,1742.18,1749.56,244837
SUNPHARMA,Sun Pharmaceutical,Pharmaceuticals,2026-09-07,13:30,2026-09-07 13:30:00,1749.56,1752.97,1743.06,1746.46,238882
SUNPHARMA,Sun Pharmaceutical,Pharmaceuticals,2026-09-07,14:00,2026-09-07 14:00:00,1746.46,1758.12,1744.49,1756.14,167302
SUNPHARMA,Sun Pharmaceutical,Pharmaceuticals,2026-09-07,14:30,2026-09-07 14:30:00,1756.14,1757.68,1747.44,1748.98,194578
SUNPHARMA,Sun Pharmaceutical,Pharmaceuticals,2026-09-07,15:00,2026-09-07 15:00:00,1748.98,1760.96,1745.88,1757.85,216968
SUNPHARMA,Sun Pharmaceutical,Pharmaceuticals,2026-09-07,15:30,2026-09-07 15:30:00,1757.85,1767.72,1753.99,1763.85,344360
SUNPHARMA,Sun Pharmaceutical,Pharmaceuticals,2026-09-08,09:30,2026-09-08 09:30:00,1744.34,1750.56,1735.14,1741.34,348127
SUNPHARMA,Sun Pharmaceutical,Pharmaceuticals,2026-09-08,10:00,2026-09-08 10:00:00,1741.34,1752.35,1734.54,1745.53,164863
SUNPHARMA,Sun Pharmaceutical,Pharmaceuticals,2026-09-08,10:30,2026-09-08 10:30:00,1745.53,1757.07,1737.66,1749.19,242247
SUNPHARMA,Sun Pharmaceutical,Pharmaceuticals,2026-09-08,11:00,2026-09-08 11:00:00,1749.19,1753.41,1748.42,1752.65,137684
SUNPHARMA,Sun Pharmaceutical,Pharmaceuticals,2026-09-08,11:30,2026-09-08 11:30:00,1752.65,1760.28,1747.57,1755.2,148401
SUNPHARMA,Sun Pharmaceutical,Pharmaceuticals,2026-09-08,12:00,2026-09-08 12:00:00,1755.2,1761.88,1753.02,1759.7,249875
SUNPHARMA,Sun Pharmaceutical,Pharmaceuticals,2026-09-08,12:30,2026-09-08 12:30:00,1759.7,1765.91,1747.58,1753.77,194177
SUNPHARMA,Sun Pharmaceutical,Pharmaceuticals,2026-09-08,13:00,2026-09-08 13:00:00,1753.77,1761.29,1743.0,1750.5,164367
SUNPHARMA,Sun Pharmaceutical,Pharmaceuticals,2026-09-08,13:30,2026-09-08 13:30:00,1750.5,1764.3,1748.02,1761.81,224080
SUNPHARMA,Sun Pharmaceutical,Pharmaceuticals,2026-09-08,14:00,2026-09-08 14:00:00,1761.81,1763.47,1759.2,1760.86,173179
SUNPHARMA,Sun Pharmaceutical,Pharmaceuticals,2026-09-08,14:30,2026-09-08 14:30:00,1760.86,1769.19,1756.22,1764.54,286089
SUNPHARMA,Sun Pharmaceutical,Pharmaceuticals,2026-09-08,15:00,2026-09-08 15:00:00,1764.54,1766.86,1758.27,1760.59,189156
SUNPHARMA,Sun Pharmaceutical,Pharmaceuticals,2026-09-08,15:30,2026-09-08 15:30:00,1760.59,1772.15,1746.15,1757.69,247463
SUNPHARMA,Sun Pharmaceutical,Pharmaceuticals,2026-09-09,09:30,2026-09-09 09:30:00,1752.3,1757.25,1748.27,1753.23,277100
SUNPHARMA,Sun Pharmaceutical,Pharmaceuticals,2026-09-09,10:00,2026-09-09 10:00:00,1753.23,1758.5,1743.42,1748.68,216033
SUNPHARMA,Sun Pharmaceutical,Pharmaceuticals,2026-09-09,10:30,2026-09-09 10:30:00,1748.68,1753.21,1744.25,1748.79,215807
SUNPHARMA,Sun Pharmaceutical,Pharmaceuticals,2026-09-09,11:00,2026-09-09 11:00:00,1748.79,1752.08,1739.05,1742.33,169962
SUNPHARMA,Sun Pharmaceutical,Pharmaceuticals,2026-09-09,11:30,2026-09-09 11:30:00,1742.33,1744.72,1731.02,1733.4,358640
SUNPHARMA,Sun Pharmaceutical,Pharmaceuticals,2026-09-09,12:00,2026-09-09 12:00:00,1733.4,1736.17,1727.45,1730.21,164990
SUNPHARMA,Sun Pharmaceutical,Pharmaceuticals,2026-09-09,12:30,2026-09-09 12:30:00,1730.21,1731.25,1729.01,1730.06,111009
SUNPHARMA,Sun Pharmaceutical,Pharmaceuticals,2026-09-09,13:00,2026-09-09 13:00:00,1730.06,1749.45,1718.62,1737.96,310279
SUNPHARMA,Sun Pharmaceutical,Pharmaceuticals,2026-09-09,13:30,2026-09-09 13:30:00,1737.96,1744.66,1723.2,1729.87,298147
SUNPHARMA,Sun Pharmaceutical,Pharmaceuticals,2026-09-09,14:00,2026-09-09 14:00:00,1729.87,1741.52,1726.77,1738.41,288530
SUNPHARMA,Sun Pharmaceutical,Pharmaceuticals,2026-09-09,14:30,2026-09-09 14:30:00,1738.41,1741.4,1736.99,1739.97,179741
SUNPHARMA,Sun Pharmaceutical,Pharmaceuticals,2026-09-09,15:00,2026-09-09 15:00:00,1739.97,1742.77,1737.67,1740.47,114206
SUNPHARMA,Sun Pharmaceutical,Pharmaceuticals,2026-09-09,15:30,2026-09-09 15:30:00,1740.47,1755.5,1727.83,1742.84,354372
SUNPHARMA,Sun Pharmaceutical,Pharmaceuticals,2026-09-10,09:30,2026-09-10 09:30:00,1755.18,1789.04,1743.05,1776.77,699502
SUNPHARMA,Sun Pharmaceutical,Pharmaceuticals,2026-09-10,10:00,2026-09-10 10:00:00,1776.77,1777.68,1769.39,1770.29,194082
SUNPHARMA,Sun Pharmaceutical,Pharmaceuticals,2026-09-10,10:30,2026-09-10 10:30:00,1770.29,1782.4,1759.6,1771.69,246904
SUNPHARMA,Sun Pharmaceutical,Pharmaceuticals,2026-09-10,11:00,2026-09-10 11:00:00,1771.69,1776.9,1768.15,1773.34,135488
SUNPHARMA,Sun Pharmaceutical,Pharmaceuticals,2026-09-10,11:30,2026-09-10 11:30:00,1773.34,1783.75,1766.87,1777.27,267096
SUNPHARMA,Sun Pharmaceutical,Pharmaceuticals,2026-09-10,12:00,2026-09-10 12:00:00,1777.27,1789.23,1773.07,1785.01,181594
SUNPHARMA,Sun Pharmaceutical,Pharmaceuticals,2026-09-10,12:30,2026-09-10 12:30:00,1785.01,1796.15,1768.77,1779.88,297180
SUNPHARMA,Sun Pharmaceutical,Pharmaceuticals,2026-09-10,13:00,2026-09-10 13:00:00,1779.88,1779.93,1769.22,1769.27,377922
SUNPHARMA,Sun Pharmaceutical,Pharmaceuticals,2026-09-10,13:30,2026-09-10 13:30:00,1769.27,1783.13,1751.15,1764.97,229827
SUNPHARMA,Sun Pharmaceutical,Pharmaceuticals,2026-09-10,14:00,2026-09-10 14:00:00,1764.97,1773.18,1752.42,1760.61,221059
SUNPHARMA,Sun Pharmaceutical,Pharmaceuticals,2026-09-10,14:30,2026-09-10 14:30:00,1760.61,1768.77,1759.52,1767.68,333217
SUNPHARMA,Sun Pharmaceutical,Pharmaceuticals,2026-09-10,15:00,2026-09-10 15:00:00,1767.68,1772.79,1760.82,1765.93,176253
SUNPHARMA,Sun Pharmaceutical,Pharmaceuticals,2026-09-10,15:30,2026-09-10 15:30:00,1765.93,1766.56,1765.28,1765.92,147472
SUNPHARMA,Sun Pharmaceutical,Pharmaceuticals,2026-09-11,09:30,2026-09-11 09:30:00,1739.45,1766.42,1734.9,1761.82,399063
SUNPHARMA,Sun Pharmaceutical,Pharmaceuticals,2026-09-11,10:00,2026-09-11 10:00:00,1761.82,1767.86,1761.34,1767.37,168765
SUNPHARMA,Sun Pharmaceutical,Pharmaceuticals,2026-09-11,10:30,2026-09-11 10:30:00,1767.37,1769.57,1762.01,1764.2,277334
SUNPHARMA,Sun Pharmaceutical,Pharmaceuticals,2026-09-11,11:00,2026-09-11 11:00:00,1764.2,1767.36,1748.37,1751.5,369096
SUNPHARMA,Sun Pharmaceutical,Pharmaceuticals,2026-09-11,11:30,2026-09-11 11:30:00,1751.5,1754.29,1747.99,1750.77,131427
SUNPHARMA,Sun Pharmaceutical,Pharmaceuticals,2026-09-11,12:00,2026-09-11 12:00:00,1750.77,1764.18,1750.48,1763.88,287591
SUNPHARMA,Sun Pharmaceutical,Pharmaceuticals,2026-09-11,12:30,2026-09-11 12:30:00,1763.88,1764.67,1754.85,1755.64,334693
SUNPHARMA,Sun Pharmaceutical,Pharmaceuticals,2026-09-11,13:00,2026-09-11 13:00:00,1755.64,1755.79,1751.87,1752.02,248752
SUNPHARMA,Sun Pharmaceutical,Pharmaceuticals,2026-09-11,13:30,2026-09-11 13:30:00,1752.02,1764.41,1749.64,1762.01,272817
SUNPHARMA,Sun Pharmaceutical,Pharmaceuticals,2026-09-11,14:00,2026-09-11 14:00:00,1762.01,1767.72,1751.05,1756.74,233597
SUNPHARMA,Sun Pharmaceutical,Pharmaceuticals,2026-09-11,14:30,2026-09-11 14:30:00,1756.74,1764.39,1744.22,1751.85,260603
SUNPHARMA,Sun Pharmaceutical,Pharmaceuticals,2026-09-11,15:00,2026-09-11 15:00:00,1751.85,1756.61,1746.78,1751.54,248634
SUNPHARMA,Sun Pharmaceutical,Pharmaceuticals,2026-09-11,15:30,2026-09-11 15:30:00,1751.54,1753.4,1742.9,1744.76,402093
SUNPHARMA,Sun Pharmaceutical,Pharmaceuticals,2026-09-14,09:30,2026-09-14 09:30:00,1756.68,1765.73,1749.36,1758.4,344362
SUNPHARMA,Sun Pharmaceutical,Pharmaceuticals,2026-09-14,10:00,2026-09-14 10:00:00,1758.4,1762.37,1744.21,1748.16,340774
SUNPHARMA,Sun Pharmaceutical,Pharmaceuticals,2026-09-14,10:30,2026-09-14 10:30:00,1748.16,1750.8,1743.97,1746.61,198929
SUNPHARMA,Sun Pharmaceutical,Pharmaceuticals,2026-09-14,11:00,2026-09-14 11:00:00,1746.61,1750.77,1730.3,1734.43,218267
SUNPHARMA,Sun Pharmaceutical,Pharmaceuticals,2026-09-14,11:30,2026-09-14 11:30:00,1734.43,1736.98,1722.74,1725.27,374033
SUNPHARMA,Sun Pharmaceutical,Pharmaceuticals,2026-09-14,12:00,2026-09-14 12:00:00,1725.27,1734.34,1724.87,1733.93,251401
SUNPHARMA,Sun Pharmaceutical,Pharmaceuticals,2026-09-14,12:30,2026-09-14 12:30:00,1733.93,1737.15,1730.14,1733.36,168418
SUNPHARMA,Sun Pharmaceutical,Pharmaceuticals,2026-09-14,13:00,2026-09-14 13:00:00,1733.36,1737.77,1729.64,1734.05,195542
SUNPHARMA,Sun Pharmaceutical,Pharmaceuticals,2026-09-14,13:30,2026-09-14 13:30:00,1734.05,1753.31,1732.35,1751.59,444502
SUNPHARMA,Sun Pharmaceutical,Pharmaceuticals,2026-09-14,14:00,2026-09-14 14:00:00,1751.59,1760.02,1749.73,1758.15,164397
SUNPHARMA,Sun Pharmaceutical,Pharmaceuticals,2026-09-14,14:30,2026-09-14 14:30:00,1758.15,1763.25,1754.43,1759.53,117976
SUNPHARMA,Sun Pharmaceutical,Pharmaceuticals,2026-09-14,15:00,2026-09-14 15:00:00,1759.53,1770.85,1753.46,1764.76,154958
SUNPHARMA,Sun Pharmaceutical,Pharmaceuticals,2026-09-14,15:30,2026-09-14 15:30:00,1764.76,1772.61,1748.03,1755.85,220141
SUNPHARMA,Sun Pharmaceutical,Pharmaceuticals,2026-09-15,09:30,2026-09-15 09:30:00,1728.02,1734.78,1714.04,1720.77,559171
SUNPHARMA,Sun Pharmaceutical,Pharmaceuticals,2026-09-15,10:00,2026-09-15 10:00:00,1720.77,1721.68,1710.34,1711.24,302452
SUNPHARMA,Sun Pharmaceutical,Pharmaceuticals,2026-09-15,10:30,2026-09-15 10:30:00,1711.24,1715.67,1698.95,1703.36,315173
SUNPHARMA,Sun Pharmaceutical,Pharmaceuticals,2026-09-15,11:00,2026-09-15 11:00:00,1703.36,1713.41,1691.2,1701.24,139400
SUNPHARMA,Sun Pharmaceutical,Pharmaceuticals,2026-09-15,11:30,2026-09-15 11:30:00,1701.24,1711.49,1699.87,1710.12,182179
SUNPHARMA,Sun Pharmaceutical,Pharmaceuticals,2026-09-15,12:00,2026-09-15 12:00:00,1710.12,1711.25,1708.23,1709.36,186662
SUNPHARMA,Sun Pharmaceutical,Pharmaceuticals,2026-09-15,12:30,2026-09-15 12:30:00,1709.36,1711.73,1706.36,1708.74,165614
SUNPHARMA,Sun Pharmaceutical,Pharmaceuticals,2026-09-15,13:00,2026-09-15 13:00:00,1708.74,1714.68,1695.6,1701.52,322631
SUNPHARMA,Sun Pharmaceutical,Pharmaceuticals,2026-09-15,13:30,2026-09-15 13:30:00,1701.52,1713.14,1691.7,1703.31,227600
SUNPHARMA,Sun Pharmaceutical,Pharmaceuticals,2026-09-15,14:00,2026-09-15 14:00:00,1703.31,1707.5,1692.97,1697.15,152515
SUNPHARMA,Sun Pharmaceutical,Pharmaceuticals,2026-09-15,14:30,2026-09-15 14:30:00,1697.15,1701.76,1694.42,1699.03,173126
SUNPHARMA,Sun Pharmaceutical,Pharmaceuticals,2026-09-15,15:00,2026-09-15 15:00:00,1699.03,1709.86,1691.9,1702.71,214826
SUNPHARMA,Sun Pharmaceutical,Pharmaceuticals,2026-09-15,15:30,2026-09-15 15:30:00,1702.71,1713.22,1698.14,1708.63,358186
SUNPHARMA,Sun Pharmaceutical,Pharmaceuticals,2026-09-16,09:30,2026-09-16 09:30:00,1708.51,1713.73,1695.6,1700.8,461964
SUNPHARMA,Sun Pharmaceutical,Pharmaceuticals,2026-09-16,10:00,2026-09-16 10:00:00,1700.8,1702.05,1697.13,1698.38,129817
SUNPHARMA,Sun Pharmaceutical,Pharmaceuticals,2026-09-16,10:30,2026-09-16 10:30:00,1698.38,1704.32,1690.87,1696.81,222640
SUNPHARMA,Sun Pharmaceutical,Pharmaceuticals,2026-09-16,11:00,2026-09-16 11:00:00,1696.81,1704.84,1692.86,1700.89,308454
SUNPHARMA,Sun Pharmaceutical,Pharmaceuticals,2026-09-16,11:30,2026-09-16 11:30:00,1700.89,1704.46,1691.67,1695.22,316834
SUNPHARMA,Sun Pharmaceutical,Pharmaceuticals,2026-09-16,12:00,2026-09-16 12:00:00,1695.22,1717.03,1682.94,1704.69,347757
SUNPHARMA,Sun Pharmaceutical,Pharmaceuticals,2026-09-16,12:30,2026-09-16 12:30:00,1704.69,1710.55,1700.48,1706.34,139957
SUNPHARMA,Sun Pharmaceutical,Pharmaceuticals,2026-09-16,13:00,2026-09-16 13:00:00,1706.34,1713.29,1696.88,1703.82,210254
SUNPHARMA,Sun Pharmaceutical,Pharmaceuticals,2026-09-16,13:30,2026-09-16 13:30:00,1703.82,1706.53,1699.4,1702.11,240116
SUNPHARMA,Sun Pharmaceutical,Pharmaceuticals,2026-09-16,14:00,2026-09-16 14:00:00,1702.11,1710.22,1689.68,1697.76,277262
SUNPHARMA,Sun Pharmaceutical,Pharmaceuticals,2026-09-16,14:30,2026-09-16 14:30:00,1697.76,1704.8,1687.35,1694.38,298437
SUNPHARMA,Sun Pharmaceutical,Pharmaceuticals,2026-09-16,15:00,2026-09-16 15:00:00,1694.38,1714.16,1683.0,1702.72,217841
SUNPHARMA,Sun Pharmaceutical,Pharmaceuticals,2026-09-16,15:30,2026-09-16 15:30:00,1702.72,1705.49,1697.39,1700.15,218195
SUNPHARMA,Sun Pharmaceutical,Pharmaceuticals,2026-09-17,09:30,2026-09-17 09:30:00,1695.84,1696.81,1686.39,1687.35,310189
SUNPHARMA,Sun Pharmaceutical,Pharmaceuticals,2026-09-17,10:00,2026-09-17 10:00:00,1687.35,1692.65,1681.01,1686.3,255468
SUNPHARMA,Sun Pharmaceutical,Pharmaceuticals,2026-09-17,10:30,2026-09-17 10:30:00,1686.3,1686.35,1683.23,1683.28,231167
SUNPHARMA,Sun Pharmaceutical,Pharmaceuticals,2026-09-17,11:00,2026-09-17 11:00:00,1683.28,1690.74,1680.66,1688.12,212343
SUNPHARMA,Sun Pharmaceutical,Pharmaceuticals,2026-09-17,11:30,2026-09-17 11:30:00,1688.12,1688.18,1687.82,1687.89,140629
SUNPHARMA,Sun Pharmaceutical,Pharmaceuticals,2026-09-17,12:00,2026-09-17 12:00:00,1687.89,1696.7,1684.03,1692.83,227436
SUNPHARMA,Sun Pharmaceutical,Pharmaceuticals,2026-09-17,12:30,2026-09-17 12:30:00,1692.83,1704.69,1690.97,1702.82,167999
SUNPHARMA,Sun Pharmaceutical,Pharmaceuticals,2026-09-17,13:00,2026-09-17 13:00:00,1702.82,1705.49,1689.04,1691.7,352761
SUNPHARMA,Sun Pharmaceutical,Pharmaceuticals,2026-09-17,13:30,2026-09-17 13:30:00,1691.7,1694.39,1687.83,1690.52,139042
SUNPHARMA,Sun Pharmaceutical,Pharmaceuticals,2026-09-17,14:00,2026-09-17 14:00:00,1690.52,1692.94,1680.24,1682.65,293412
SUNPHARMA,Sun Pharmaceutical,Pharmaceuticals,2026-09-17,14:30,2026-09-17 14:30:00,1682.65,1689.79,1679.81,1686.94,139192
SUNPHARMA,Sun Pharmaceutical,Pharmaceuticals,2026-09-17,15:00,2026-09-17 15:00:00,1686.94,1688.02,1685.07,1686.15,127419
SUNPHARMA,Sun Pharmaceutical,Pharmaceuticals,2026-09-17,15:30,2026-09-17 15:30:00,1686.15,1688.16,1680.71,1682.72,358690
SUNPHARMA,Sun Pharmaceutical,Pharmaceuticals,2026-09-18,09:30,2026-09-18 09:30:00,1687.29,1692.48,1674.47,1679.63,418624
SUNPHARMA,Sun Pharmaceutical,Pharmaceuticals,2026-09-18,10:00,2026-09-18 10:00:00,1679.63,1684.88,1677.33,1682.57,206249
SUNPHARMA,Sun Pharmaceutical,Pharmaceuticals,2026-09-18,10:30,2026-09-18 10:30:00,1682.57,1690.28,1664.87,1672.54,231237
SUNPHARMA,Sun Pharmaceutical,Pharmaceuticals,2026-09-18,11:00,2026-09-18 11:00:00,1672.54,1683.39,1667.21,1678.04,221436
SUNPHARMA,Sun Pharmaceutical,Pharmaceuticals,2026-09-18,11:30,2026-09-18 11:30:00,1678.04,1689.86,1660.81,1672.58,225727
SUNPHARMA,Sun Pharmaceutical,Pharmaceuticals,2026-09-18,12:00,2026-09-18 12:00:00,1672.58,1675.1,1662.09,1664.59,263395
SUNPHARMA,Sun Pharmaceutical,Pharmaceuticals,2026-09-18,12:30,2026-09-18 12:30:00,1664.59,1669.32,1650.78,1655.48,260470
SUNPHARMA,Sun Pharmaceutical,Pharmaceuticals,2026-09-18,13:00,2026-09-18 13:00:00,1655.48,1665.39,1649.86,1659.76,136509
SUNPHARMA,Sun Pharmaceutical,Pharmaceuticals,2026-09-18,13:30,2026-09-18 13:30:00,1659.76,1675.66,1656.74,1672.63,199950
SUNPHARMA,Sun Pharmaceutical,Pharmaceuticals,2026-09-18,14:00,2026-09-18 14:00:00,1672.63,1674.47,1668.37,1670.21,148418
SUNPHARMA,Sun Pharmaceutical,Pharmaceuticals,2026-09-18,14:30,2026-09-18 14:30:00,1670.21,1682.51,1663.72,1675.99,302604
SUNPHARMA,Sun Pharmaceutical,Pharmaceuticals,2026-09-18,15:00,2026-09-18 15:00:00,1675.99,1683.87,1667.11,1674.98,219522
SUNPHARMA,Sun Pharmaceutical,Pharmaceuticals,2026-09-18,15:30,2026-09-18 15:30:00,1674.98,1678.6,1666.86,1670.46,371748
SUNPHARMA,Sun Pharmaceutical,Pharmaceuticals,2026-09-21,09:30,2026-09-21 09:30:00,1664.41,1669.25,1654.31,1659.13,342371
SUNPHARMA,Sun Pharmaceutical,Pharmaceuticals,2026-09-21,10:00,2026-09-21 10:00:00,1659.13,1669.28,1654.26,1664.4,322112
SUNPHARMA,Sun Pharmaceutical,Pharmaceuticals,2026-09-21,10:30,2026-09-21 10:30:00,1664.4,1668.63,1656.67,1660.89,154716
SUNPHARMA,Sun Pharmaceutical,Pharmaceuticals,2026-09-21,11:00,2026-09-21 11:00:00,1660.89,1667.88,1659.86,1666.85,204741
SUNPHARMA,Sun Pharmaceutical,Pharmaceuticals,2026-09-21,11:30,2026-09-21 11:30:00,1666.85,1673.58,1666.81,1673.53,179935
SUNPHARMA,Sun Pharmaceutical,Pharmaceuticals,2026-09-21,12:00,2026-09-21 12:00:00,1673.53,1677.76,1670.65,1674.87,245233
SUNPHARMA,Sun Pharmaceutical,Pharmaceuticals,2026-09-21,12:30,2026-09-21 12:30:00,1674.87,1678.56,1656.67,1660.33,267024
SUNPHARMA,Sun Pharmaceutical,Pharmaceuticals,2026-09-21,13:00,2026-09-21 13:00:00,1660.33,1665.49,1648.95,1654.08,329898
SUNPHARMA,Sun Pharmaceutical,Pharmaceuticals,2026-09-21,13:30,2026-09-21 13:30:00,1654.08,1658.7,1641.13,1645.72,201299
SUNPHARMA,Sun Pharmaceutical,Pharmaceuticals,2026-09-21,14:00,2026-09-21 14:00:00,1645.72,1653.72,1640.14,1648.14,202603
SUNPHARMA,Sun Pharmaceutical,Pharmaceuticals,2026-09-21,14:30,2026-09-21 14:30:00,1648.14,1666.36,1643.07,1661.25,342100
SUNPHARMA,Sun Pharmaceutical,Pharmaceuticals,2026-09-21,15:00,2026-09-21 15:00:00,1661.25,1669.85,1646.07,1654.64,292073
SUNPHARMA,Sun Pharmaceutical,Pharmaceuticals,2026-09-21,15:30,2026-09-21 15:30:00,1654.64,1656.14,1636.08,1637.57,591989
BHARTIARTL,Bharti Airtel,Telecom,2026-09-04,09:30,2026-09-04 09:30:00,1596.8,1607.89,1588.94,1600.02,595091
BHARTIARTL,Bharti Airtel,Telecom,2026-09-04,10:00,2026-09-04 10:00:00,1600.02,1607.09,1591.28,1598.35,413300
BHARTIARTL,Bharti Airtel,Telecom,2026-09-04,10:30,2026-09-04 10:30:00,1598.35,1601.63,1597.57,1600.85,657432
BHARTIARTL,Bharti Airtel,Telecom,2026-09-04,11:00,2026-09-04 11:00:00,1600.85,1607.76,1593.83,1600.73,621184
BHARTIARTL,Bharti Airtel,Telecom,2026-09-04,11:30,2026-09-04 11:30:00,1600.73,1607.58,1588.15,1594.98,614373
BHARTIARTL,Bharti Airtel,Telecom,2026-09-04,12:00,2026-09-04 12:00:00,1594.98,1600.58,1585.17,1590.76,701308
BHARTIARTL,Bharti Airtel,Telecom,2026-09-04,12:30,2026-09-04 12:30:00,1590.76,1596.08,1589.41,1594.73,409853
BHARTIARTL,Bharti Airtel,Telecom,2026-09-04,13:00,2026-09-04 13:00:00,1594.73,1610.09,1587.68,1603.0,909401
BHARTIARTL,Bharti Airtel,Telecom,2026-09-04,13:30,2026-09-04 13:30:00,1603.0,1611.56,1601.11,1609.66,561384
BHARTIARTL,Bharti Airtel,Telecom,2026-09-04,14:00,2026-09-04 14:00:00,1609.66,1611.38,1606.05,1607.77,679721
BHARTIARTL,Bharti Airtel,Telecom,2026-09-04,14:30,2026-09-04 14:30:00,1607.77,1627.49,1604.49,1624.18,938006
BHARTIARTL,Bharti Airtel,Telecom,2026-09-04,15:00,2026-09-04 15:00:00,1624.18,1632.3,1610.65,1618.74,660959
BHARTIARTL,Bharti Airtel,Telecom,2026-09-04,15:30,2026-09-04 15:30:00,1618.74,1634.52,1617.83,1633.61,1218687
BHARTIARTL,Bharti Airtel,Telecom,2026-09-07,09:30,2026-09-07 09:30:00,1629.2,1633.19,1623.86,1627.84,520191
BHARTIARTL,Bharti Airtel,Telecom,2026-09-07,10:00,2026-09-07 10:00:00,1627.84,1635.23,1625.58,1632.96,575033
BHARTIARTL,Bharti Airtel,Telecom,2026-09-07,10:30,2026-09-07 10:30:00,1632.96,1633.79,1631.48,1632.3,569932
BHARTIARTL,Bharti Airtel,Telecom,2026-09-07,11:00,2026-09-07 11:00:00,1632.3,1632.79,1624.05,1624.54,832851
BHARTIARTL,Bharti Airtel,Telecom,2026-09-07,11:30,2026-09-07 11:30:00,1624.54,1632.66,1615.29,1623.41,394775
BHARTIARTL,Bharti Airtel,Telecom,2026-09-07,12:00,2026-09-07 12:00:00,1623.41,1631.27,1619.98,1627.84,384701
BHARTIARTL,Bharti Airtel,Telecom,2026-09-07,12:30,2026-09-07 12:30:00,1627.84,1629.62,1617.44,1619.21,398742
BHARTIARTL,Bharti Airtel,Telecom,2026-09-07,13:00,2026-09-07 13:00:00,1619.21,1626.45,1613.48,1620.71,364480
BHARTIARTL,Bharti Airtel,Telecom,2026-09-07,13:30,2026-09-07 13:30:00,1620.71,1625.01,1604.54,1608.81,977154
BHARTIARTL,Bharti Airtel,Telecom,2026-09-07,14:00,2026-09-07 14:00:00,1608.81,1610.82,1599.6,1601.6,445178
BHARTIARTL,Bharti Airtel,Telecom,2026-09-07,14:30,2026-09-07 14:30:00,1601.6,1608.22,1598.88,1605.5,601592
BHARTIARTL,Bharti Airtel,Telecom,2026-09-07,15:00,2026-09-07 15:00:00,1605.5,1611.03,1604.86,1610.4,758290
BHARTIARTL,Bharti Airtel,Telecom,2026-09-07,15:30,2026-09-07 15:30:00,1610.4,1619.05,1601.29,1609.94,359550
BHARTIARTL,Bharti Airtel,Telecom,2026-09-08,09:30,2026-09-08 09:30:00,1616.52,1621.65,1607.05,1612.17,1205523
BHARTIARTL,Bharti Airtel,Telecom,2026-09-08,10:00,2026-09-08 10:00:00,1612.17,1613.88,1607.5,1609.21,512102
BHARTIARTL,Bharti Airtel,Telecom,2026-09-08,10:30,2026-09-08 10:30:00,1609.21,1613.17,1603.82,1607.78,428067
BHARTIARTL,Bharti Airtel,Telecom,2026-09-08,11:00,2026-09-08 11:00:00,1607.78,1615.23,1603.37,1610.82,527118
BHARTIARTL,Bharti Airtel,Telecom,2026-09-08,11:30,2026-09-08 11:30:00,1610.82,1613.27,1608.76,1611.21,297244
BHARTIARTL,Bharti Airtel,Telecom,2026-09-08,12:00,2026-09-08 12:00:00,1611.21,1611.51,1609.88,1610.18,338938
BHARTIARTL,Bharti Airtel,Telecom,2026-09-08,12:30,2026-09-08 12:30:00,1610.18,1619.37,1609.68,1618.86,719270
BHARTIARTL,Bharti Airtel,Telecom,2026-09-08,13:00,2026-09-08 13:00:00,1618.86,1636.42,1606.93,1624.45,603059
BHARTIARTL,Bharti Airtel,Telecom,2026-09-08,13:30,2026-09-08 13:30:00,1624.45,1634.51,1623.98,1634.04,550902
BHARTIARTL,Bharti Airtel,Telecom,2026-09-08,14:00,2026-09-08 14:00:00,1634.04,1649.13,1624.87,1639.93,572451
BHARTIARTL,Bharti Airtel,Telecom,2026-09-08,14:30,2026-09-08 14:30:00,1639.93,1652.26,1622.27,1634.55,621391
BHARTIARTL,Bharti Airtel,Telecom,2026-09-08,15:00,2026-09-08 15:00:00,1634.55,1641.04,1609.74,1616.15,646506
BHARTIARTL,Bharti Airtel,Telecom,2026-09-08,15:30,2026-09-08 15:30:00,1616.15,1624.84,1609.83,1618.51,808212
BHARTIARTL,Bharti Airtel,Telecom,2026-09-09,09:30,2026-09-09 09:30:00,1623.69,1627.82,1620.23,1624.36,970749
BHARTIARTL,Bharti Airtel,Telecom,2026-09-09,10:00,2026-09-09 10:00:00,1624.36,1627.78,1623.93,1627.36,670431
BHARTIARTL,Bharti Airtel,Telecom,2026-09-09,10:30,2026-09-09 10:30:00,1627.36,1637.11,1619.59,1629.33,354827
BHARTIARTL,Bharti Airtel,Telecom,2026-09-09,11:00,2026-09-09 11:00:00,1629.33,1640.97,1621.88,1633.5,531697
BHARTIARTL,Bharti Airtel,Telecom,2026-09-09,11:30,2026-09-09 11:30:00,1633.5,1643.35,1626.79,1636.62,550188
BHARTIARTL,Bharti Airtel,Telecom,2026-09-09,12:00,2026-09-09 12:00:00,1636.62,1640.25,1623.91,1627.51,574230
BHARTIARTL,Bharti Airtel,Telecom,2026-09-09,12:30,2026-09-09 12:30:00,1627.51,1629.62,1624.3,1626.41,349279
BHARTIARTL,Bharti Airtel,Telecom,2026-09-09,13:00,2026-09-09 13:00:00,1626.41,1630.37,1615.05,1618.99,577255
BHARTIARTL,Bharti Airtel,Telecom,2026-09-09,13:30,2026-09-09 13:30:00,1618.99,1626.2,1609.75,1616.94,659529
BHARTIARTL,Bharti Airtel,Telecom,2026-09-09,14:00,2026-09-09 14:00:00,1616.94,1620.62,1601.26,1604.91,715262
BHARTIARTL,Bharti Airtel,Telecom,2026-09-09,14:30,2026-09-09 14:30:00,1604.91,1607.58,1590.16,1592.82,613573
BHARTIARTL,Bharti Airtel,Telecom,2026-09-09,15:00,2026-09-09 15:00:00,1592.82,1606.03,1581.95,1595.15,318412
BHARTIARTL,Bharti Airtel,Telecom,2026-09-09,15:30,2026-09-09 15:30:00,1595.15,1596.46,1591.27,1592.58,412679
BHARTIARTL,Bharti Airtel,Telecom,2026-09-10,09:30,2026-09-10 09:30:00,1604.57,1618.44,1568.55,1582.23,1254325
BHARTIARTL,Bharti Airtel,Telecom,2026-09-10,10:00,2026-09-10 10:00:00,1582.23,1591.23,1576.06,1585.05,520942
BHARTIARTL,Bharti Airtel,Telecom,2026-09-10,10:30,2026-09-10 10:30:00,1585.05,1594.49,1584.54,1593.98,717431
BHARTIARTL,Bharti Airtel,Telecom,2026-09-10,11:00,2026-09-10 11:00:00,1593.98,1600.77,1580.14,1586.9,586519
BHARTIARTL,Bharti Airtel,Telecom,2026-09-10,11:30,2026-09-10 11:30:00,1586.9,1589.73,1586.75,1589.58,679858
BHARTIARTL,Bharti Airtel,Telecom,2026-09-10,12:00,2026-09-10 12:00:00,1589.58,1591.66,1586.34,1588.41,534496
BHARTIARTL,Bharti Airtel,Telecom,2026-09-10,12:30,2026-09-10 12:30:00,1588.41,1590.64,1582.87,1585.09,390295
BHARTIARTL,Bharti Airtel,Telecom,2026-09-10,13:00,2026-09-10 13:00:00,1585.09,1600.71,1563.24,1578.8,802852
BHARTIARTL,Bharti Airtel,Telecom,2026-09-10,13:30,2026-09-10 13:30:00,1578.8,1588.48,1578.36,1588.04,764174
BHARTIARTL,Bharti Airtel,Telecom,2026-09-10,14:00,2026-09-10 14:00:00,1588.04,1596.73,1578.44,1587.13,647110
BHARTIARTL,Bharti Airtel,Telecom,2026-09-10,14:30,2026-09-10 14:30:00,1587.13,1591.87,1582.2,1586.94,419427
BHARTIARTL,Bharti Airtel,Telecom,2026-09-10,15:00,2026-09-10 15:00:00,1586.94,1590.81,1584.59,1588.46,450207
BHARTIARTL,Bharti Airtel,Telecom,2026-09-10,15:30,2026-09-10 15:30:00,1588.46,1590.79,1576.55,1578.87,934689
BHARTIARTL,Bharti Airtel,Telecom,2026-09-11,09:30,2026-09-11 09:30:00,1578.72,1604.08,1570.02,1595.29,1673975
BHARTIARTL,Bharti Airtel,Telecom,2026-09-11,10:00,2026-09-11 10:00:00,1595.29,1600.56,1586.55,1591.81,449281
BHARTIARTL,Bharti Airtel,Telecom,2026-09-11,10:30,2026-09-11 10:30:00,1591.81,1595.89,1576.4,1580.46,506627
BHARTIARTL,Bharti Airtel,Telecom,2026-09-11,11:00,2026-09-11 11:00:00,1580.46,1598.26,1578.8,1596.59,974823
BHARTIARTL,Bharti Airtel,Telecom,2026-09-11,11:30,2026-09-11 11:30:00,1596.59,1604.52,1591.51,1599.43,380040
BHARTIARTL,Bharti Airtel,Telecom,2026-09-11,12:00,2026-09-11 12:00:00,1599.43,1601.47,1598.84,1600.88,440469
BHARTIARTL,Bharti Airtel,Telecom,2026-09-11,12:30,2026-09-11 12:30:00,1600.88,1601.48,1599.29,1599.88,636286
BHARTIARTL,Bharti Airtel,Telecom,2026-09-11,13:00,2026-09-11 13:00:00,1599.88,1606.46,1588.36,1594.91,575117
BHARTIARTL,Bharti Airtel,Telecom,2026-09-11,13:30,2026-09-11 13:30:00,1594.91,1598.33,1594.01,1597.42,339707
BHARTIARTL,Bharti Airtel,Telecom,2026-09-11,14:00,2026-09-11 14:00:00,1597.42,1599.68,1588.63,1590.88,711075
BHARTIARTL,Bharti Airtel,Telecom,2026-09-11,14:30,2026-09-11 14:30:00,1590.88,1594.76,1575.95,1579.79,602795
BHARTIARTL,Bharti Airtel,Telecom,2026-09-11,15:00,2026-09-11 15:00:00,1579.79,1583.04,1573.28,1576.52,714604
BHARTIARTL,Bharti Airtel,Telecom,2026-09-11,15:30,2026-09-11 15:30:00,1576.52,1581.4,1572.29,1577.17,480781
BHARTIARTL,Bharti Airtel,Telecom,2026-09-14,09:30,2026-09-14 09:30:00,1570.27,1570.5,1549.8,1550.02,1993575
BHARTIARTL,Bharti Airtel,Telecom,2026-09-14,10:00,2026-09-14 10:00:00,1550.02,1550.21,1547.48,1547.66,396939
BHARTIARTL,Bharti Airtel,Telecom,2026-09-14,10:30,2026-09-14 10:30:00,1547.66,1553.35,1538.67,1544.35,519439
BHARTIARTL,Bharti Airtel,Telecom,2026-09-14,11:00,2026-09-14 11:00:00,1544.35,1551.77,1525.64,1533.01,509068
BHARTIARTL,Bharti Airtel,Telecom,2026-09-14,11:30,2026-09-14 11:30:00,1533.01,1547.71,1527.56,1542.23,768764
BHARTIARTL,Bharti Airtel,Telecom,2026-09-14,12:00,2026-09-14 12:00:00,1542.23,1543.15,1532.01,1532.92,511103
BHARTIARTL,Bharti Airtel,Telecom,2026-09-14,12:30,2026-09-14 12:30:00,1532.92,1538.34,1521.07,1526.47,706123
BHARTIARTL,Bharti Airtel,Telecom,2026-09-14,13:00,2026-09-14 13:00:00,1526.47,1528.4,1524.91,1526.83,487663
BHARTIARTL,Bharti Airtel,Telecom,2026-09-14,13:30,2026-09-14 13:30:00,1526.83,1527.56,1524.11,1524.83,305567
BHARTIARTL,Bharti Airtel,Telecom,2026-09-14,14:00,2026-09-14 14:00:00,1524.83,1540.47,1514.9,1530.5,577594
BHARTIARTL,Bharti Airtel,Telecom,2026-09-14,14:30,2026-09-14 14:30:00,1530.5,1532.82,1523.37,1525.68,372095
BHARTIARTL,Bharti Airtel,Telecom,2026-09-14,15:00,2026-09-14 15:00:00,1525.68,1526.33,1518.53,1519.18,480840
BHARTIARTL,Bharti Airtel,Telecom,2026-09-14,15:30,2026-09-14 15:30:00,1519.18,1519.48,1516.81,1517.12,640249
BHARTIARTL,Bharti Airtel,Telecom,2026-09-15,09:30,2026-09-15 09:30:00,1498.75,1498.97,1490.53,1490.76,755574
BHARTIARTL,Bharti Airtel,Telecom,2026-09-15,10:00,2026-09-15 10:00:00,1490.76,1492.94,1481.12,1483.3,567358
BHARTIARTL,Bharti Airtel,Telecom,2026-09-15,10:30,2026-09-15 10:30:00,1483.3,1487.02,1468.6,1472.3,654996
BHARTIARTL,Bharti Airtel,Telecom,2026-09-15,11:00,2026-09-15 11:00:00,1472.3,1475.9,1471.79,1475.39,647512
BHARTIARTL,Bharti Airtel,Telecom,2026-09-15,11:30,2026-09-15 11:30:00,1475.39,1479.0,1466.67,1470.28,420484
BHARTIARTL,Bharti Airtel,Telecom,2026-09-15,12:00,2026-09-15 12:00:00,1470.28,1472.61,1467.69,1470.03,290462
BHARTIARTL,Bharti Airtel,Telecom,2026-09-15,12:30,2026-09-15 12:30:00,1470.03,1472.08,1466.83,1468.88,643113
BHARTIARTL,Bharti Airtel,Telecom,2026-09-15,13:00,2026-09-15 13:00:00,1468.88,1472.79,1461.61,1465.51,723497
BHARTIARTL,Bharti Airtel,Telecom,2026-09-15,13:30,2026-09-15 13:30:00,1465.51,1473.26,1463.32,1471.05,736161
BHARTIARTL,Bharti Airtel,Telecom,2026-09-15,14:00,2026-09-15 14:00:00,1471.05,1475.73,1464.04,1468.71,432578
BHARTIARTL,Bharti Airtel,Telecom,2026-09-15,14:30,2026-09-15 14:30:00,1468.71,1468.81,1464.26,1464.36,593279
BHARTIARTL,Bharti Airtel,Telecom,2026-09-15,15:00,2026-09-15 15:00:00,1464.36,1467.69,1463.57,1466.91,599876
BHARTIARTL,Bharti Airtel,Telecom,2026-09-15,15:30,2026-09-15 15:30:00,1466.91,1473.94,1463.28,1470.31,920537
BHARTIARTL,Bharti Airtel,Telecom,2026-09-16,09:30,2026-09-16 09:30:00,1459.65,1468.86,1429.6,1438.68,1251748
BHARTIARTL,Bharti Airtel,Telecom,2026-09-16,10:00,2026-09-16 10:00:00,1438.68,1440.8,1436.71,1438.84,288639
BHARTIARTL,Bharti Airtel,Telecom,2026-09-16,10:30,2026-09-16 10:30:00,1438.84,1455.54,1435.63,1452.3,656673
BHARTIARTL,Bharti Airtel,Telecom,2026-09-16,11:00,2026-09-16 11:00:00,1452.3,1453.64,1448.41,1449.74,508908
BHARTIARTL,Bharti Airtel,Telecom,2026-09-16,11:30,2026-09-16 11:30:00,1449.74,1460.22,1440.52,1451.0,452227
BHARTIARTL,Bharti Airtel,Telecom,2026-09-16,12:00,2026-09-16 12:00:00,1451.0,1451.25,1446.62,1446.86,384671
BHARTIARTL,Bharti Airtel,Telecom,2026-09-16,12:30,2026-09-16 12:30:00,1446.86,1448.28,1442.49,1443.9,477126
BHARTIARTL,Bharti Airtel,Telecom,2026-09-16,13:00,2026-09-16 13:00:00,1443.9,1447.4,1439.58,1443.08,354648
BHARTIARTL,Bharti Airtel,Telecom,2026-09-16,13:30,2026-09-16 13:30:00,1443.08,1452.31,1440.61,1449.83,777496
BHARTIARTL,Bharti Airtel,Telecom,2026-09-16,14:00,2026-09-16 14:00:00,1449.83,1458.36,1447.71,1456.23,695571
BHARTIARTL,Bharti Airtel,Telecom,2026-09-16,14:30,2026-09-16 14:30:00,1456.23,1461.37,1447.95,1453.08,427836
BHARTIARTL,Bharti Airtel,Telecom,2026-09-16,15:00,2026-09-16 15:00:00,1453.08,1456.73,1444.9,1448.53,626680
BHARTIARTL,Bharti Airtel,Telecom,2026-09-16,15:30,2026-09-16 15:30:00,1448.53,1456.8,1444.01,1452.27,526976
BHARTIARTL,Bharti Airtel,Telecom,2026-09-17,09:30,2026-09-17 09:30:00,1454.59,1460.27,1431.03,1436.64,1660026
BHARTIARTL,Bharti Airtel,Telecom,2026-09-17,10:00,2026-09-17 10:00:00,1436.64,1442.55,1435.6,1441.51,448216
BHARTIARTL,Bharti Airtel,Telecom,2026-09-17,10:30,2026-09-17 10:30:00,1441.51,1442.39,1439.7,1440.58,375062
BHARTIARTL,Bharti Airtel,Telecom,2026-09-17,11:00,2026-09-17 11:00:00,1440.58,1443.56,1423.07,1426.02,764711
BHARTIARTL,Bharti Airtel,Telecom,2026-09-17,11:30,2026-09-17 11:30:00,1426.02,1429.02,1419.91,1422.9,369742
BHARTIARTL,Bharti Airtel,Telecom,2026-09-17,12:00,2026-09-17 12:00:00,1422.9,1424.01,1421.69,1422.8,468253
BHARTIARTL,Bharti Airtel,Telecom,2026-09-17,12:30,2026-09-17 12:30:00,1422.8,1425.79,1416.52,1419.51,605661
BHARTIARTL,Bharti Airtel,Telecom,2026-09-17,13:00,2026-09-17 13:00:00,1419.51,1424.33,1405.12,1409.91,679776
BHARTIARTL,Bharti Airtel,Telecom,2026-09-17,13:30,2026-09-17 13:30:00,1409.91,1413.13,1399.95,1403.17,408861
BHARTIARTL,Bharti Airtel,Telecom,2026-09-17,14:00,2026-09-17 14:00:00,1403.17,1407.93,1402.37,1407.13,444296
BHARTIARTL,Bharti Airtel,Telecom,2026-09-17,14:30,2026-09-17 14:30:00,1407.13,1418.84,1403.5,1415.18,820222
BHARTIARTL,Bharti Airtel,Telecom,2026-09-17,15:00,2026-09-17 15:00:00,1415.18,1417.06,1400.94,1402.79,807772
BHARTIARTL,Bharti Airtel,Telecom,2026-09-17,15:30,2026-09-17 15:30:00,1402.79,1408.06,1402.19,1407.46,637686
BHARTIARTL,Bharti Airtel,Telecom,2026-09-18,09:30,2026-09-18 09:30:00,1398.14,1405.03,1390.21,1397.1,680382
BHARTIARTL,Bharti Airtel,Telecom,2026-09-18,10:00,2026-09-18 10:00:00,1397.1,1402.18,1388.11,1393.18,708357
BHARTIARTL,Bharti Airtel,Telecom,2026-09-18,10:30,2026-09-18 10:30:00,1393.18,1398.85,1392.39,1398.05,551556
BHARTIARTL,Bharti Airtel,Telecom,2026-09-18,11:00,2026-09-18 11:00:00,1398.05,1402.92,1397.61,1402.47,441243
BHARTIARTL,Bharti Airtel,Telecom,2026-09-18,11:30,2026-09-18 11:30:00,1402.47,1413.2,1393.93,1404.64,322036
BHARTIARTL,Bharti Airtel,Telecom,2026-09-18,12:00,2026-09-18 12:00:00,1404.64,1404.84,1397.7,1397.9,580267
BHARTIARTL,Bharti Airtel,Telecom,2026-09-18,12:30,2026-09-18 12:30:00,1397.9,1400.25,1388.96,1391.31,701642
BHARTIARTL,Bharti Airtel,Telecom,2026-09-18,13:00,2026-09-18 13:00:00,1391.31,1395.38,1390.16,1394.24,529713
BHARTIARTL,Bharti Airtel,Telecom,2026-09-18,13:30,2026-09-18 13:30:00,1394.24,1397.55,1384.74,1388.03,458811
BHARTIARTL,Bharti Airtel,Telecom,2026-09-18,14:00,2026-09-18 14:00:00,1388.03,1390.12,1385.63,1387.72,524208
BHARTIARTL,Bharti Airtel,Telecom,2026-09-18,14:30,2026-09-18 14:30:00,1387.72,1389.33,1383.11,1384.71,493088
BHARTIARTL,Bharti Airtel,Telecom,2026-09-18,15:00,2026-09-18 15:00:00,1384.71,1386.54,1373.85,1375.67,956407
BHARTIARTL,Bharti Airtel,Telecom,2026-09-18,15:30,2026-09-18 15:30:00,1375.67,1376.71,1364.95,1365.98,636635
BHARTIARTL,Bharti Airtel,Telecom,2026-09-21,09:30,2026-09-21 09:30:00,1364.28,1369.95,1362.2,1367.87,571713
BHARTIARTL,Bharti Airtel,Telecom,2026-09-21,10:00,2026-09-21 10:00:00,1367.87,1368.28,1367.72,1368.13,349666
BHARTIARTL,Bharti Airtel,Telecom,2026-09-21,10:30,2026-09-21 10:30:00,1368.13,1376.37,1353.41,1361.61,847361
BHARTIARTL,Bharti Airtel,Telecom,2026-09-21,11:00,2026-09-21 11:00:00,1361.61,1362.31,1358.59,1359.29,432641
BHARTIARTL,Bharti Airtel,Telecom,2026-09-21,11:30,2026-09-21 11:30:00,1359.29,1360.12,1352.61,1353.43,708808
BHARTIARTL,Bharti Airtel,Telecom,2026-09-21,12:00,2026-09-21 12:00:00,1353.43,1357.51,1345.39,1349.46,428699
BHARTIARTL,Bharti Airtel,Telecom,2026-09-21,12:30,2026-09-21 12:30:00,1349.46,1359.48,1346.79,1356.8,870689
BHARTIARTL,Bharti Airtel,Telecom,2026-09-21,13:00,2026-09-21 13:00:00,1356.8,1368.39,1353.3,1364.87,685524
BHARTIARTL,Bharti Airtel,Telecom,2026-09-21,13:30,2026-09-21 13:30:00,1364.87,1366.63,1361.38,1363.13,594160
BHARTIARTL,Bharti Airtel,Telecom,2026-09-21,14:00,2026-09-21 14:00:00,1363.13,1373.92,1358.19,1368.96,413543
BHARTIARTL,Bharti Airtel,Telecom,2026-09-21,14:30,2026-09-21 14:30:00,1368.96,1377.27,1363.72,1372.01,572703
BHARTIARTL,Bharti Airtel,Telecom,2026-09-21,15:00,2026-09-21 15:00:00,1372.01,1379.13,1370.46,1377.57,446132
BHARTIARTL,Bharti Airtel,Telecom,2026-09-21,15:30,2026-09-21 15:30:00,1377.57,1384.27,1374.6,1381.3,827362
ADANIPORTS,Adani Ports & SEZ,Infrastructure,2026-09-04,09:30,2026-09-04 09:30:00,1342.15,1360.85,1328.71,1347.36,1324197
ADANIPORTS,Adani Ports & SEZ,Infrastructure,2026-09-04,10:00,2026-09-04 10:00:00,1347.36,1347.5,1331.94,1332.08,1024482
ADANIPORTS,Adani Ports & SEZ,Infrastructure,2026-09-04,10:30,2026-09-04 10:30:00,1332.08,1341.81,1326.54,1336.25,578166
ADANIPORTS,Adani Ports & SEZ,Infrastructure,2026-09-04,11:00,2026-09-04 11:00:00,1336.25,1355.2,1327.0,1345.88,835945
ADANIPORTS,Adani Ports & SEZ,Infrastructure,2026-09-04,11:30,2026-09-04 11:30:00,1345.88,1349.34,1342.78,1346.25,419657
ADANIPORTS,Adani Ports & SEZ,Infrastructure,2026-09-04,12:00,2026-09-04 12:00:00,1346.25,1347.9,1345.98,1347.62,566499
ADANIPORTS,Adani Ports & SEZ,Infrastructure,2026-09-04,12:30,2026-09-04 12:30:00,1347.62,1351.43,1337.7,1341.49,1144221
ADANIPORTS,Adani Ports & SEZ,Infrastructure,2026-09-04,13:00,2026-09-04 13:00:00,1341.49,1348.64,1337.77,1344.91,693081
ADANIPORTS,Adani Ports & SEZ,Infrastructure,2026-09-04,13:30,2026-09-04 13:30:00,1344.91,1355.19,1340.88,1351.15,1145439
ADANIPORTS,Adani Ports & SEZ,Infrastructure,2026-09-04,14:00,2026-09-04 14:00:00,1351.15,1369.6,1350.11,1368.54,1201037
ADANIPORTS,Adani Ports & SEZ,Infrastructure,2026-09-04,14:30,2026-09-04 14:30:00,1368.54,1369.91,1366.34,1367.71,605793
ADANIPORTS,Adani Ports & SEZ,Infrastructure,2026-09-04,15:00,2026-09-04 15:00:00,1367.71,1372.17,1354.75,1359.19,689384
ADANIPORTS,Adani Ports & SEZ,Infrastructure,2026-09-04,15:30,2026-09-04 15:30:00,1359.19,1385.55,1341.77,1368.02,811731
ADANIPORTS,Adani Ports & SEZ,Infrastructure,2026-09-07,09:30,2026-09-07 09:30:00,1381.02,1383.27,1367.97,1370.2,1974962
ADANIPORTS,Adani Ports & SEZ,Infrastructure,2026-09-07,10:00,2026-09-07 10:00:00,1370.2,1378.98,1365.71,1374.48,844808
ADANIPORTS,Adani Ports & SEZ,Infrastructure,2026-09-07,10:30,2026-09-07 10:30:00,1374.48,1393.7,1367.6,1386.77,767166
ADANIPORTS,Adani Ports & SEZ,Infrastructure,2026-09-07,11:00,2026-09-07 11:00:00,1386.77,1389.94,1365.07,1368.2,1826201
ADANIPORTS,Adani Ports & SEZ,Infrastructure,2026-09-07,11:30,2026-09-07 11:30:00,1368.2,1392.93,1361.46,1386.1,1329664
ADANIPORTS,Adani Ports & SEZ,Infrastructure,2026-09-07,12:00,2026-09-07 12:00:00,1386.1,1392.68,1385.16,1391.73,896786
ADANIPORTS,Adani Ports & SEZ,Infrastructure,2026-09-07,12:30,2026-09-07 12:30:00,1391.73,1406.25,1370.12,1384.56,924924
ADANIPORTS,Adani Ports & SEZ,Infrastructure,2026-09-07,13:00,2026-09-07 13:00:00,1384.56,1387.36,1369.11,1371.88,1139247
ADANIPORTS,Adani Ports & SEZ,Infrastructure,2026-09-07,13:30,2026-09-07 13:30:00,1371.88,1384.52,1363.04,1375.65,779058
ADANIPORTS,Adani Ports & SEZ,Infrastructure,2026-09-07,14:00,2026-09-07 14:00:00,1375.65,1387.17,1353.64,1365.07,803002
ADANIPORTS,Adani Ports & SEZ,Infrastructure,2026-09-07,14:30,2026-09-07 14:30:00,1365.07,1382.3,1362.75,1379.96,1325372
ADANIPORTS,Adani Ports & SEZ,Infrastructure,2026-09-07,15:00,2026-09-07 15:00:00,1379.96,1397.22,1376.73,1393.97,1600090
ADANIPORTS,Adani Ports & SEZ,Infrastructure,2026-09-07,15:30,2026-09-07 15:30:00,1393.97,1404.49,1385.07,1395.59,892302
ADANIPORTS,Adani Ports & SEZ,Infrastructure,2026-09-08,09:30,2026-09-08 09:30:00,1389.96,1405.57,1358.97,1374.41,2051249
ADANIPORTS,Adani Ports & SEZ,Infrastructure,2026-09-08,10:00,2026-09-08 10:00:00,1374.41,1395.18,1368.35,1389.06,1327044
ADANIPORTS,Adani Ports & SEZ,Infrastructure,2026-09-08,10:30,2026-09-08 10:30:00,1389.06,1396.74,1383.67,1391.34,517305
ADANIPORTS,Adani Ports & SEZ,Infrastructure,2026-09-08,11:00,2026-09-08 11:00:00,1391.34,1395.41,1386.91,1390.98,559991
ADANIPORTS,Adani Ports & SEZ,Infrastructure,2026-09-08,11:30,2026-09-08 11:30:00,1390.98,1396.64,1370.91,1376.52,1469033
ADANIPORTS,Adani Ports & SEZ,Infrastructure,2026-09-08,12:00,2026-09-08 12:00:00,1376.52,1377.75,1365.47,1366.7,770621
ADANIPORTS,Adani Ports & SEZ,Infrastructure,2026-09-08,12:30,2026-09-08 12:30:00,1366.7,1370.83,1355.03,1359.14,1003064
ADANIPORTS,Adani Ports & SEZ,Infrastructure,2026-09-08,13:00,2026-09-08 13:00:00,1359.14,1365.86,1349.07,1355.78,931646
ADANIPORTS,Adani Ports & SEZ,Infrastructure,2026-09-08,13:30,2026-09-08 13:30:00,1355.78,1362.44,1353.07,1359.72,939657
ADANIPORTS,Adani Ports & SEZ,Infrastructure,2026-09-08,14:00,2026-09-08 14:00:00,1359.72,1366.17,1358.95,1365.4,1133895
ADANIPORTS,Adani Ports & SEZ,Infrastructure,2026-09-08,14:30,2026-09-08 14:30:00,1365.4,1383.27,1357.35,1375.16,1329606
ADANIPORTS,Adani Ports & SEZ,Infrastructure,2026-09-08,15:00,2026-09-08 15:00:00,1375.16,1383.63,1373.35,1381.8,1037063
ADANIPORTS,Adani Ports & SEZ,Infrastructure,2026-09-08,15:30,2026-09-08 15:30:00,1381.8,1404.06,1369.89,1392.05,1651532
ADANIPORTS,Adani Ports & SEZ,Infrastructure,2026-09-09,09:30,2026-09-09 09:30:00,1376.82,1399.87,1365.75,1388.7,2040648
ADANIPORTS,Adani Ports & SEZ,Infrastructure,2026-09-09,10:00,2026-09-09 10:00:00,1388.7,1391.64,1375.3,1378.21,1250764
ADANIPORTS,Adani Ports & SEZ,Infrastructure,2026-09-09,10:30,2026-09-09 10:30:00,1378.21,1385.1,1377.16,1384.04,1048542
ADANIPORTS,Adani Ports & SEZ,Infrastructure,2026-09-09,11:00,2026-09-09 11:00:00,1384.04,1399.32,1368.38,1383.65,682214
ADANIPORTS,Adani Ports & SEZ,Infrastructure,2026-09-09,11:30,2026-09-09 11:30:00,1383.65,1406.84,1376.52,1399.63,1385986
ADANIPORTS,Adani Ports & SEZ,Infrastructure,2026-09-09,12:00,2026-09-09 12:00:00,1399.63,1409.26,1390.11,1399.74,604014
ADANIPORTS,Adani Ports & SEZ,Infrastructure,2026-09-09,12:30,2026-09-09 12:30:00,1399.74,1413.47,1392.62,1406.32,699815
ADANIPORTS,Adani Ports & SEZ,Infrastructure,2026-09-09,13:00,2026-09-09 13:00:00,1406.32,1415.01,1401.76,1410.44,474324
ADANIPORTS,Adani Ports & SEZ,Infrastructure,2026-09-09,13:30,2026-09-09 13:30:00,1410.44,1416.78,1377.55,1383.77,1305595
ADANIPORTS,Adani Ports & SEZ,Infrastructure,2026-09-09,14:00,2026-09-09 14:00:00,1383.77,1393.21,1382.88,1392.32,681761
ADANIPORTS,Adani Ports & SEZ,Infrastructure,2026-09-09,14:30,2026-09-09 14:30:00,1392.32,1405.91,1383.47,1397.03,1084906
ADANIPORTS,Adani Ports & SEZ,Infrastructure,2026-09-09,15:00,2026-09-09 15:00:00,1397.03,1420.01,1395.41,1418.36,903761
ADANIPORTS,Adani Ports & SEZ,Infrastructure,2026-09-09,15:30,2026-09-09 15:30:00,1418.36,1438.84,1397.5,1417.97,854520
ADANIPORTS,Adani Ports & SEZ,Infrastructure,2026-09-10,09:30,2026-09-10 09:30:00,1420.67,1430.51,1382.88,1392.52,1935593
ADANIPORTS,Adani Ports & SEZ,Infrastructure,2026-09-10,10:00,2026-09-10 10:00:00,1392.52,1402.62,1382.74,1392.84,445598
ADANIPORTS,Adani Ports & SEZ,Infrastructure,2026-09-10,10:30,2026-09-10 10:30:00,1392.84,1393.62,1388.7,1389.48,481996
ADANIPORTS,Adani Ports & SEZ,Infrastructure,2026-09-10,11:00,2026-09-10 11:00:00,1389.48,1404.55,1377.14,1392.18,610659
ADANIPORTS,Adani Ports & SEZ,Infrastructure,2026-09-10,11:30,2026-09-10 11:30:00,1392.18,1406.76,1384.36,1398.9,1091967
ADANIPORTS,Adani Ports & SEZ,Infrastructure,2026-09-10,12:00,2026-09-10 12:00:00,1398.9,1400.04,1394.27,1395.41,783714
ADANIPORTS,Adani Ports & SEZ,Infrastructure,2026-09-10,12:30,2026-09-10 12:30:00,1395.41,1416.95,1390.34,1411.82,1143488
ADANIPORTS,Adani Ports & SEZ,Infrastructure,2026-09-10,13:00,2026-09-10 13:00:00,1411.82,1416.88,1405.5,1410.55,569625
ADANIPORTS,Adani Ports & SEZ,Infrastructure,2026-09-10,13:30,2026-09-10 13:30:00,1410.55,1430.2,1398.79,1418.37,1211710
ADANIPORTS,Adani Ports & SEZ,Infrastructure,2026-09-10,14:00,2026-09-10 14:00:00,1418.37,1431.94,1407.93,1421.48,845408
ADANIPORTS,Adani Ports & SEZ,Infrastructure,2026-09-10,14:30,2026-09-10 14:30:00,1421.48,1429.23,1413.86,1421.62,708027
ADANIPORTS,Adani Ports & SEZ,Infrastructure,2026-09-10,15:00,2026-09-10 15:00:00,1421.62,1426.32,1406.48,1411.14,1336218
ADANIPORTS,Adani Ports & SEZ,Infrastructure,2026-09-10,15:30,2026-09-10 15:30:00,1411.14,1411.71,1396.67,1397.24,1854467
ADANIPORTS,Adani Ports & SEZ,Infrastructure,2026-09-11,09:30,2026-09-11 09:30:00,1390.49,1401.41,1374.48,1385.36,1440189
ADANIPORTS,Adani Ports & SEZ,Infrastructure,2026-09-11,10:00,2026-09-11 10:00:00,1385.36,1388.87,1367.19,1370.66,1414100
ADANIPORTS,Adani Ports & SEZ,Infrastructure,2026-09-11,10:30,2026-09-11 10:30:00,1370.66,1377.83,1369.73,1376.9,601990
ADANIPORTS,Adani Ports & SEZ,Infrastructure,2026-09-11,11:00,2026-09-11 11:00:00,1376.9,1380.63,1369.45,1373.17,690711
ADANIPORTS,Adani Ports & SEZ,Infrastructure,2026-09-11,11:30,2026-09-11 11:30:00,1373.17,1391.73,1347.69,1366.16,1220446
ADANIPORTS,Adani Ports & SEZ,Infrastructure,2026-09-11,12:00,2026-09-11 12:00:00,1366.16,1373.75,1354.85,1362.42,1033772
ADANIPORTS,Adani Ports & SEZ,Infrastructure,2026-09-11,12:30,2026-09-11 12:30:00,1362.42,1374.68,1341.73,1353.92,663698
ADANIPORTS,Adani Ports & SEZ,Infrastructure,2026-09-11,13:00,2026-09-11 13:00:00,1353.92,1358.5,1346.33,1350.9,684097
ADANIPORTS,Adani Ports & SEZ,Infrastructure,2026-09-11,13:30,2026-09-11 13:30:00,1350.9,1352.28,1342.51,1343.89,614915
ADANIPORTS,Adani Ports & SEZ,Infrastructure,2026-09-11,14:00,2026-09-11 14:00:00,1343.89,1346.25,1326.35,1328.69,772542
ADANIPORTS,Adani Ports & SEZ,Infrastructure,2026-09-11,14:30,2026-09-11 14:30:00,1328.69,1339.78,1327.24,1338.32,1034847
ADANIPORTS,Adani Ports & SEZ,Infrastructure,2026-09-11,15:00,2026-09-11 15:00:00,1338.32,1339.0,1330.04,1330.72,766080
ADANIPORTS,Adani Ports & SEZ,Infrastructure,2026-09-11,15:30,2026-09-11 15:30:00,1330.72,1342.28,1306.76,1318.21,1265135
ADANIPORTS,Adani Ports & SEZ,Infrastructure,2026-09-14,09:30,2026-09-14 09:30:00,1327.23,1336.46,1306.42,1315.57,2012497
ADANIPORTS,Adani Ports & SEZ,Infrastructure,2026-09-14,10:00,2026-09-14 10:00:00,1315.57,1324.05,1315.23,1323.7,1215248
ADANIPORTS,Adani Ports & SEZ,Infrastructure,2026-09-14,10:30,2026-09-14 10:30:00,1323.7,1329.14,1312.86,1318.28,958698
ADANIPORTS,Adani Ports & SEZ,Infrastructure,2026-09-14,11:00,2026-09-14 11:00:00,1318.28,1321.83,1309.66,1313.2,724628
ADANIPORTS,Adani Ports & SEZ,Infrastructure,2026-09-14,11:30,2026-09-14 11:30:00,1313.2,1319.52,1311.1,1317.41,914099
ADANIPORTS,Adani Ports & SEZ,Infrastructure,2026-09-14,12:00,2026-09-14 12:00:00,1317.41,1327.77,1317.29,1327.65,815471
ADANIPORTS,Adani Ports & SEZ,Infrastructure,2026-09-14,12:30,2026-09-14 12:30:00,1327.65,1351.11,1320.14,1343.51,1154057
ADANIPORTS,Adani Ports & SEZ,Infrastructure,2026-09-14,13:00,2026-09-14 13:00:00,1343.51,1351.95,1328.01,1336.41,616896
ADANIPORTS,Adani Ports & SEZ,Infrastructure,2026-09-14,13:30,2026-09-14 13:30:00,1336.41,1339.16,1332.11,1334.85,887840
ADANIPORTS,Adani Ports & SEZ,Infrastructure,2026-09-14,14:00,2026-09-14 14:00:00,1334.85,1346.86,1330.21,1342.19,601402
ADANIPORTS,Adani Ports & SEZ,Infrastructure,2026-09-14,14:30,2026-09-14 14:30:00,1342.19,1346.73,1329.57,1334.08,1147772
ADANIPORTS,Adani Ports & SEZ,Infrastructure,2026-09-14,15:00,2026-09-14 15:00:00,1334.08,1351.04,1329.05,1345.96,1475061
ADANIPORTS,Adani Ports & SEZ,Infrastructure,2026-09-14,15:30,2026-09-14 15:30:00,1345.96,1349.32,1338.14,1341.49,1196774
ADANIPORTS,Adani Ports & SEZ,Infrastructure,2026-09-15,09:30,2026-09-15 09:30:00,1346.34,1383.12,1329.15,1365.68,2135711
ADANIPORTS,Adani Ports & SEZ,Infrastructure,2026-09-15,10:00,2026-09-15 10:00:00,1365.68,1385.09,1358.15,1377.49,1283889
ADANIPORTS,Adani Ports & SEZ,Infrastructure,2026-09-15,10:30,2026-09-15 10:30:00,1377.49,1380.58,1363.36,1366.42,1078120
ADANIPORTS,Adani Ports & SEZ,Infrastructure,2026-09-15,11:00,2026-09-15 11:00:00,1366.42,1374.14,1352.59,1360.27,1046220
ADANIPORTS,Adani Ports & SEZ,Infrastructure,2026-09-15,11:30,2026-09-15 11:30:00,1360.27,1369.84,1340.83,1350.32,951839
ADANIPORTS,Adani Ports & SEZ,Infrastructure,2026-09-15,12:00,2026-09-15 12:00:00,1350.32,1361.7,1346.54,1357.9,567489
ADANIPORTS,Adani Ports & SEZ,Infrastructure,2026-09-15,12:30,2026-09-15 12:30:00,1357.9,1371.1,1350.56,1363.73,561835
ADANIPORTS,Adani Ports & SEZ,Infrastructure,2026-09-15,13:00,2026-09-15 13:00:00,1363.73,1391.34,1351.81,1379.28,842165
ADANIPORTS,Adani Ports & SEZ,Infrastructure,2026-09-15,13:30,2026-09-15 13:30:00,1379.28,1390.31,1372.6,1383.6,903982
ADANIPORTS,Adani Ports & SEZ,Infrastructure,2026-09-15,14:00,2026-09-15 14:00:00,1383.6,1392.05,1359.88,1368.24,1371231
ADANIPORTS,Adani Ports & SEZ,Infrastructure,2026-09-15,14:30,2026-09-15 14:30:00,1368.24,1375.22,1359.75,1366.72,410718
ADANIPORTS,Adani Ports & SEZ,Infrastructure,2026-09-15,15:00,2026-09-15 15:00:00,1366.72,1370.21,1339.47,1342.9,1786118
ADANIPORTS,Adani Ports & SEZ,Infrastructure,2026-09-15,15:30,2026-09-15 15:30:00,1342.9,1343.74,1328.13,1328.97,1600829
ADANIPORTS,Adani Ports & SEZ,Infrastructure,2026-09-16,09:30,2026-09-16 09:30:00,1338.07,1347.58,1332.94,1342.44,1511076
ADANIPORTS,Adani Ports & SEZ,Infrastructure,2026-09-16,10:00,2026-09-16 10:00:00,1342.44,1356.87,1335.65,1350.04,911436
ADANIPORTS,Adani Ports & SEZ,Infrastructure,2026-09-16,10:30,2026-09-16 10:30:00,1350.04,1353.13,1344.32,1347.41,594703
ADANIPORTS,Adani Ports & SEZ,Infrastructure,2026-09-16,11:00,2026-09-16 11:00:00,1347.41,1348.56,1333.73,1334.87,1321476
ADANIPORTS,Adani Ports & SEZ,Infrastructure,2026-09-16,11:30,2026-09-16 11:30:00,1334.87,1342.7,1332.18,1340.0,580946
ADANIPORTS,Adani Ports & SEZ,Infrastructure,2026-09-16,12:00,2026-09-16 12:00:00,1340.0,1350.81,1333.86,1344.65,612675
ADANIPORTS,Adani Ports & SEZ,Infrastructure,2026-09-16,12:30,2026-09-16 12:30:00,1344.65,1346.84,1340.82,1343.0,555570
ADANIPORTS,Adani Ports & SEZ,Infrastructure,2026-09-16,13:00,2026-09-16 13:00:00,1343.0,1351.58,1332.95,1341.51,653156
ADANIPORTS,Adani Ports & SEZ,Infrastructure,2026-09-16,13:30,2026-09-16 13:30:00,1341.51,1344.16,1325.25,1327.87,1519613
ADANIPORTS,Adani Ports & SEZ,Infrastructure,2026-09-16,14:00,2026-09-16 14:00:00,1327.87,1351.18,1323.88,1347.14,1155962
ADANIPORTS,Adani Ports & SEZ,Infrastructure,2026-09-16,14:30,2026-09-16 14:30:00,1347.14,1355.47,1332.68,1340.97,826964
ADANIPORTS,Adani Ports & SEZ,Infrastructure,2026-09-16,15:00,2026-09-16 15:00:00,1340.97,1343.85,1333.69,1336.56,832080
ADANIPORTS,Adani Ports & SEZ,Infrastructure,2026-09-16,15:30,2026-09-16 15:30:00,1336.56,1337.64,1325.5,1326.57,1013946
ADANIPORTS,Adani Ports & SEZ,Infrastructure,2026-09-17,09:30,2026-09-17 09:30:00,1337.1,1345.77,1320.76,1329.38,1764113
ADANIPORTS,Adani Ports & SEZ,Infrastructure,2026-09-17,10:00,2026-09-17 10:00:00,1329.38,1335.39,1315.73,1321.71,650463
ADANIPORTS,Adani Ports & SEZ,Infrastructure,2026-09-17,10:30,2026-09-17 10:30:00,1321.71,1340.72,1317.98,1336.94,1474328
ADANIPORTS,Adani Ports & SEZ,Infrastructure,2026-09-17,11:00,2026-09-17 11:00:00,1336.94,1361.46,1324.13,1348.54,1424588
ADANIPORTS,Adani Ports & SEZ,Infrastructure,2026-09-17,11:30,2026-09-17 11:30:00,1348.54,1353.71,1337.97,1343.13,931438
ADANIPORTS,Adani Ports & SEZ,Infrastructure,2026-09-17,12:00,2026-09-17 12:00:00,1343.13,1354.04,1330.4,1341.3,702813
ADANIPORTS,Adani Ports & SEZ,Infrastructure,2026-09-17,12:30,2026-09-17 12:30:00,1341.3,1349.14,1329.46,1337.28,675971
ADANIPORTS,Adani Ports & SEZ,Infrastructure,2026-09-17,13:00,2026-09-17 13:00:00,1337.28,1338.77,1336.62,1338.11,778820
ADANIPORTS,Adani Ports & SEZ,Infrastructure,2026-09-17,13:30,2026-09-17 13:30:00,1338.11,1345.71,1330.8,1338.4,791656
ADANIPORTS,Adani Ports & SEZ,Infrastructure,2026-09-17,14:00,2026-09-17 14:00:00,1338.4,1354.18,1333.72,1349.47,1453071
ADANIPORTS,Adani Ports & SEZ,Infrastructure,2026-09-17,14:30,2026-09-17 14:30:00,1349.47,1350.08,1348.96,1349.57,404192
ADANIPORTS,Adani Ports & SEZ,Infrastructure,2026-09-17,15:00,2026-09-17 15:00:00,1349.57,1357.15,1343.53,1351.09,689538
ADANIPORTS,Adani Ports & SEZ,Infrastructure,2026-09-17,15:30,2026-09-17 15:30:00,1351.09,1351.82,1345.67,1346.39,1199300
ADANIPORTS,Adani Ports & SEZ,Infrastructure,2026-09-18,09:30,2026-09-18 09:30:00,1332.47,1337.03,1313.45,1317.96,1180210
ADANIPORTS,Adani Ports & SEZ,Infrastructure,2026-09-18,10:00,2026-09-18 10:00:00,1317.96,1327.99,1308.87,1318.89,688017
ADANIPORTS,Adani Ports & SEZ,Infrastructure,2026-09-18,10:30,2026-09-18 10:30:00,1318.89,1325.69,1305.11,1311.87,665599
ADANIPORTS,Adani Ports & SEZ,Infrastructure,2026-09-18,11:00,2026-09-18 11:00:00,1311.87,1319.13,1292.65,1299.85,1483311
ADANIPORTS,Adani Ports & SEZ,Infrastructure,2026-09-18,11:30,2026-09-18 11:30:00,1299.85,1304.87,1286.79,1291.78,601417
ADANIPORTS,Adani Ports & SEZ,Infrastructure,2026-09-18,12:00,2026-09-18 12:00:00,1291.78,1301.54,1291.5,1301.26,909438
ADANIPORTS,Adani Ports & SEZ,Infrastructure,2026-09-18,12:30,2026-09-18 12:30:00,1301.26,1314.94,1298.0,1311.66,1238901
ADANIPORTS,Adani Ports & SEZ,Infrastructure,2026-09-18,13:00,2026-09-18 13:00:00,1311.66,1314.05,1307.24,1309.63,824726
ADANIPORTS,Adani Ports & SEZ,Infrastructure,2026-09-18,13:30,2026-09-18 13:30:00,1309.63,1319.7,1292.03,1302.04,882583
ADANIPORTS,Adani Ports & SEZ,Infrastructure,2026-09-18,14:00,2026-09-18 14:00:00,1302.04,1316.6,1279.57,1294.04,1149290
ADANIPORTS,Adani Ports & SEZ,Infrastructure,2026-09-18,14:30,2026-09-18 14:30:00,1294.04,1308.01,1289.05,1302.98,733430
ADANIPORTS,Adani Ports & SEZ,Infrastructure,2026-09-18,15:00,2026-09-18 15:00:00,1302.98,1308.16,1296.9,1302.08,776095
ADANIPORTS,Adani Ports & SEZ,Infrastructure,2026-09-18,15:30,2026-09-18 15:30:00,1302.08,1303.72,1294.91,1296.54,991500
ADANIPORTS,Adani Ports & SEZ,Infrastructure,2026-09-21,09:30,2026-09-21 09:30:00,1277.23,1282.82,1264.1,1269.66,1005959
ADANIPORTS,Adani Ports & SEZ,Infrastructure,2026-09-21,10:00,2026-09-21 10:00:00,1269.66,1278.08,1265.78,1274.2,616798
ADANIPORTS,Adani Ports & SEZ,Infrastructure,2026-09-21,10:30,2026-09-21 10:30:00,1274.2,1276.39,1270.65,1272.84,463823
ADANIPORTS,Adani Ports & SEZ,Infrastructure,2026-09-21,11:00,2026-09-21 11:00:00,1272.84,1299.19,1269.02,1295.31,2146876
ADANIPORTS,Adani Ports & SEZ,Infrastructure,2026-09-21,11:30,2026-09-21 11:30:00,1295.31,1297.73,1289.5,1291.92,719039
ADANIPORTS,Adani Ports & SEZ,Infrastructure,2026-09-21,12:00,2026-09-21 12:00:00,1291.92,1306.39,1286.46,1300.9,1068016
ADANIPORTS,Adani Ports & SEZ,Infrastructure,2026-09-21,12:30,2026-09-21 12:30:00,1300.9,1315.03,1286.75,1300.88,382013
ADANIPORTS,Adani Ports & SEZ,Infrastructure,2026-09-21,13:00,2026-09-21 13:00:00,1300.88,1315.3,1300.82,1315.24,1166761
ADANIPORTS,Adani Ports & SEZ,Infrastructure,2026-09-21,13:30,2026-09-21 13:30:00,1315.24,1318.86,1310.24,1313.85,836893
ADANIPORTS,Adani Ports & SEZ,Infrastructure,2026-09-21,14:00,2026-09-21 14:00:00,1313.85,1319.93,1302.1,1308.15,672268
ADANIPORTS,Adani Ports & SEZ,Infrastructure,2026-09-21,14:30,2026-09-21 14:30:00,1308.15,1335.15,1303.31,1330.24,1090634
ADANIPORTS,Adani Ports & SEZ,Infrastructure,2026-09-21,15:00,2026-09-21 15:00:00,1330.24,1344.11,1325.69,1339.54,1335431
ADANIPORTS,Adani Ports & SEZ,Infrastructure,2026-09-21,15:30,2026-09-21 15:30:00,1339.54,1342.32,1327.89,1330.66,1296934
